公司代號,公司名稱,備註,上月比較增減(%),上月營收,去年同月增減(%),去年當月營收,當月營收,前期比較增減(%),去年累計營收,當月累計營收
1101,台泥,"以上營收不包含停業部門營收:110年5月1,452,352仟元暨109年5月412,651仟元;110年1-5月4,988,729仟元暨109年1-5月2,965,866仟元",1.66,9672128,-0.4,9872865,9832764,5.13,39512532,41542544
1102,亞泥,-,-1.81,7830830,7.04,7182969,7688883,23.41,27073435,33412854
1103,嘉泥,-,6.03,185227,14.58,171405,196403,12.18,825551,926157
1104,環泥,-,1.95,523569,32.42,403105,533814,16.82,2138069,2497881
1108,幸福,-,3.32,345563,-0.03,357162,357039,-6.29,1866080,1748555
1109,信大,-,-18.1,766026,-11.25,706916,627354,21.21,2644694,3205731
1110,東泥,-,-1.5,143902,33.25,106356,141730,5.13,640122,672974
1201,味全,-,5.92,1567125,6.54,1557936,1659960,8.43,7005685,7596773
1203,味王,-,3.67,470972,4.44,467509,488269,-3.34,2531966,2447233
1210,大成,-,-5.68,8512993,32.5,6059697,8029443,27.6,30496584,38914764
1213,大飲,-,11.96,31631,22.46,28920,35416,28.85,131402,169313
1215,卜蜂,-,4.44,1997700,15.71,1803246,2086575,10.19,8896399,9803260
1216,統一,-,3.65,38356552,7.72,36909155,39759158,7.45,180120300,193543871
1217,愛之味,本公司為食品業，5月因COVID-19疫情嚴峻，消費者囤貨抗疫心理因素，使醬菜調理等罐頭，業績迅速成長。,60.8,273615,51.06,291246,439985,4.29,1734913,1809439
1218,泰山,-,2.44,810520,26.61,655813,830360,22.71,3190493,3915372
1219,福壽,-,-5.13,1240389,27.57,922349,1176668,24.44,4929985,6135115
1220,台榮,-,-2.8,262030,25.17,203469,254687,20.06,1020681,1225477
1225,福懋油,-,9.17,1020599,37.57,809957,1114265,24.91,4187259,5230403
1227,佳格,-,1.54,2337076,-8.12,2583115,2373213,6.07,12232011,12974905
1229,聯華,-,16.67,724446,23.24,685815,845247,9.0,3481453,3794986
1231,聯華食,-,3.94,695795,7.13,675104,723277,10.91,3419401,3792625
1232,大統益,-,-14.32,1916817,29.55,1267534,1642167,27.29,6600254,8401715
1233,天仁,-,-4.48,141150,-9.82,149497,134815,-0.42,761846,758636
1234,黑松,-,6.44,687081,-0.26,733260,731347,10.0,3302921,3633327
1235,興泰,-,-4.13,1112,-44.33,1915,1066,-25.19,8020,5999
1236,宏亞,-,-2.1,100156,47.21,66599,98044,21.84,606340,738812
1702,南僑,-,-1.95,1680650,14.42,1440122,1647810,23.8,6452522,7988751
1737,臺鹽,-,17.1,309644,45.57,249085,362608,18.12,1237913,1462337
1301,台塑,去年5月受疫情影響，需求與產品價格下跌，今年全球疫情趨緩，需求及產品價格回升，因此今年5月合併營收較去年同期增加80.95%。,-0.07,24367037,80.95,13455462,24347789,55.66,70226720,109316763
1303,南亞,去年5月新冠肺炎疫情擴散，由亞洲進而蔓延至歐美，重創全球經濟活動，而今年5月公司營運良好，故相較之下差異較大。,-1.2,34904534,77.58,19418507,34484715,50.96,105387094,159099939
1304,台聚,因市場環境影響銷售量價皆優於去年同期，故營收增加。,-6.01,6028023,66.58,3401050,5665595,52.71,18262779,27889794
1305,華夏,109年第二季全球爆發第一波新冠肺炎疫情，致需求驟降，今年因部分PVC大廠受疫情、歲修或天災而減產，後疫情需求恢復。,-6.45,1493823,125.14,620635,1397334,59.63,4929756,7869841
1307,三芳,-,-13.28,697674,44.48,418689,604961,6.95,3638763,3891725
1308,亞聚,產品平均售價較去年同期提高所致,-7.54,800995,56.44,473355,740520,52.85,2220600,3394207
1309,台達化,持續強化銷售量，銷售量較去年同期增加，且售價優於去年，故營業收入較去年同期增加。,-2.64,1876788,60.62,1137515,1827110,57.0,5247845,8239579
1310,台苯,5月份營收較去年同期增加101.24%，SM合約售價格較去年同期上升約107%，銷量也較去年同期呈增長。,7.94,1126664,101.24,604350,1216202,54.84,2893597,4480573
1312,國喬,係因主要產品之數量及價格均較去年成長,4.09,1949387,73.56,1169189,2029279,56.73,5878537,9213798
1313,聯成,產品價格較去年同期增加。,-15.63,7594888,55.88,4110055,6407063,82.96,16954840,31020638
1314,中石化,去年同期及累計營收因受疫情影響而較正常低；近期原物料價格上漲及需求回穩，銷量及售價皆上漲，故今年單月及累計營收較去年增加,8.82,2814860,104.26,1499660,3063236,63.01,8167575,13314621
1315,達新,-,-1.84,166442,2.59,159245,163373,6.53,815851,869134
1321,大洋,銷售單價上漲及訂單增加,16.54,544134,74.43,363536,634152,53.18,1770471,2712058
1323,永裕,-,1.06,303256,7.07,286234,306490,5.57,1363980,1439973
1324,地球,-,16.33,83533,21.03,80291,97182,-3.12,446579,432603
1325,恆大,因市場上新冠肺炎防疫物資產能充足且競爭激烈，致本公司各類防疫物資銷售量值較去年同期減少。,0.49,136427,-68.78,439228,137103,-37.12,1183681,744191
1326,台化,比較去年同時疫情影響較緩和，下游需求消費動能提升，致行情上漲，客戶採購動能穩定，開動率提高產銷量增加。,-2.75,33047596,78.41,18011412,32135688,48.46,100589733,149337535
4306,炎洲,-,-3.21,1537466,47.36,1009828,1488094,30.57,5341449,6974499
1402,遠東新,-,8.64,18494363,25.45,16015710,20092465,12.67,84166889,94831040
1409,新纖,去年因為疫情影響導致營收下降，今年市況回升營收也回升,-2.04,3774406,55.85,2372030,3697034,41.42,12393377,17526721
1410,南染,-,24.72,42253,35.58,38867,52699,18.63,171347,203282
1413,宏洲,因去年疫情關係基期低,2.73,249530,151.36,101981,256345,73.64,648426,1125983
1414,東和,去年同期受疫情影響，出貨量減少,-9.19,68982,90.78,32832,62640,13.86,293819,334561
1417,嘉裕,-,-16.95,113051,18.37,79310,93885,28.04,410541,525682
1418,東華,-,2.96,6270,-24.09,8505,6456,-40.87,43311,25606
1419,新紡,-,-25.1,244757,33.67,137126,183301,12.97,865623,977946
1423,利華,-,-5.14,17732,-10.03,18695,16819,-3.68,91860,88471
1434,福懋,-,-5.0,3090691,44.95,2025420,2935975,9.1,13003255,14186583
1439,中和,-,48.02,5984,6.96,8281,8858,-38.91,61169,37367
1440,南紡,-,-15.81,1891812,35.7,1173545,1592547,21.65,7247818,8817464
1441,大東,-,30.1,113161,30.74,112609,147229,-8.18,688804,632414
1444,力麗,去年同期受新型冠狀病毒疫情影響以致於營收衰退，今年營運逐漸恢復正常。,10.05,771799,83.41,463133,849439,8.61,3520403,3823543
1445,大宇,訂單增加營業額成長,1.43,95403,70.89,56628,96775,7.77,427507,460746
1446,宏和,因永和合建案已銷售完畢,1.11,10098,-59.18,25015,10211,-49.0,202974,103500
1447,力鵬,因新增子公司貿易營收,18.48,1910183,235.55,674463,2263198,138.31,4217777,10051727
1449,佳和,-,-0.36,251070,10.02,227360,250156,48.69,733496,1090679
1451,年興,去年為控制新冠肺炎疫情，賴索托及墨西哥產區分別於109/3/29~109/5/5及109/4/5~109/6/15期間配合當地政府政策暫時停工。,4.29,572110,93.76,307953,596702,25.16,2322211,2906550
1452,宏益,去年同期受新冠肺炎疫情影響，營收大幅減少。,2.21,162389,230.31,50251,165986,86.13,452227,841736
1454,台富,去年同期受新冠肺炎疫情影響，營收偏低,-0.16,127762,60.32,79555,127550,9.1,570391,622317
1455,集盛,因去年度受疫情影響，營收過度萎縮，致基期較低，本年景氣已回穩。,5.43,886296,135.84,396217,934445,43.03,2925220,4184019
1457,宜進,"109年因台南廠停止生產及疫情影響,致營業額大幅降低,今年已恢復正常。",0.83,371454,148.38,150806,374574,40.02,1201697,1682653
1459,聯發,去年同期受新型冠狀病毒疫情影響，致去年同期營業收入大幅減少。,-12.5,221026,149.66,77458,193385,50.19,723937,1087323
1460,宏遠,109年因疫情影響造成營收減少,0.52,740461,101.31,369740,744338,40.56,2580285,3626953
1463,強盛,去年同期因受疫情影響營業額較本年度同期減少.,-9.43,45616,120.17,18763,41311,-22.92,251545,193875
1464,得力,去年度受疫情影響故營收大幅衰退。,1.8,857655,93.49,451265,873158,18.49,3510359,4159692
1465,偉全,-,88.68,16147,13.28,26893,30467,-33.8,181271,119994
1466,聚隆,"去年同期受新冠肺炎疫情影響,全球需求減少,造成營收銳減",12.18,262488,252.09,83636,294480,39.21,962160,1339470
1467,南緯,-,-4.66,487758,47.24,315812,465008,49.83,1720943,2578601
1468,昶和,-,-14.21,118037,29.2,78376,101263,6.25,432703,459771
1470,大統新創,"2020年Q2受COVID-19疫情影響,出貨量銳減,造成兩年度明顯差異",-4.33,76700,230.81,22179,73372,31.26,268003,351801
1472,三洋紡,主係子公司上鋌營造本期依完工比例認列收入增加,56.26,51915,370.55,17240,81123,98.02,99040,196122
1473,台南,-,-52.26,384725,-31.08,266508,183663,-11.05,2554128,2271810
1474,弘裕,-,2.91,265400,40.68,194160,273149,24.96,1062778,1328079
1475,業旺,主要開始銷售染劑產品,52.04,10945,197.1,5601,16641,403.51,14292,71963
1476,儒鴻,主係全球經濟逐漸復甦，致業績成長。,7.8,3158046,66.94,2039347,3404550,54.92,9541191,14782072
1477,聚陽,-,-33.48,2345903,8.47,1438613,1560469,23.21,8702559,10723171
4414,如興,-,-28.24,1295215,-19.45,1153962,929443,8.6,5986560,6501408
4426,利勤,-,27.9,51413,-7.9,71404,65759,-36.29,534556,340549
4438,廣越,-,113.99,625008,18.2,1131464,1337459,2.3,3452093,3531698
1503,士電,-,-10.75,2429347,10.25,1966320,2167952,14.03,10270607,11712445
1504,東元,-,6.16,4181903,28.91,3443947,4439686,18.23,17366587,20532819
1506,正道,-,19.67,67722,5.14,77081,81044,9.33,369824,404332
1507,永大,此為本公司自結數,9.79,1494053,39.04,1179794,1640398,32.46,5223350,6919087
1513,中興電,-,-37.82,1678387,-5.08,1099407,1043468,38.3,5353686,7404568
1514,亞力,-,17.08,386044,3.81,435413,452007,-0.46,2078153,2068505
1515,力山,客戶銷售狀況好增加採購量,1.76,1471519,132.83,643187,1497563,174.15,2556220,7007897
1517,利奇,"主係自行車零組件受惠全球自行車零售巿場持續熱銷,造就本公司集團出貨量及金額大增。",5.93,385312,64.34,248371,408181,80.85,996862,1802853
1519,華城,-,5.9,683460,9.23,662623,723841,6.7,2814503,3003293
1526,日馳,因市場需求增加，致本月營收優於去年同期。,3.13,155818,80.33,89112,160701,61.11,408976,658938
1527,鑽全,國外市場需求增加,32.2,335787,55.49,285485,443928,34.19,1410208,1892497
1528,恩德,-,7.08,287133,45.53,211278,307483,2.38,1322791,1354376
1529,樂士,"本年迄今因太陽能工程案量少,致營收較去年同期減少",-32.97,20595,59.6,8648,13803,-74.33,252444,64779
1530,亞崴,-,0.15,311109,12.93,275918,311606,23.32,1156882,1426702
1531,高林股,去年逢大陸爆發疫情並漫延全世界影響，業績衰退，比較基期低所致。,-18.07,260585,114.61,99468,213474,88.87,581481,1098256
1532,勤美,兩期變動達50%以上，主係去年營收受新冠疫情影響基期較低，今年度營收回復過往水準，及今年認列完工交屋營建收入較去年增加所致,-22.88,1289068,32.73,748855,994013,54.27,3849242,5938551
1535,中宇,-,3.23,640253,1.54,650920,660989,5.64,3289360,3475198
1537,廣隆,-,5.35,611767,8.22,595517,644513,5.25,2804899,2952238
1538,正峰,-,54.07,18568,30.11,21988,28609,2.91,105384,108452
1539,巨庭,國外市場需求增加,12.05,243445,62.32,168045,272787,44.9,780914,1131610
1540,喬福,出口回升,-12.54,42144,301.99,9169,36859,72.36,114642,197607
1541,錩泰,-,3.43,475146,35.99,361394,491464,19.26,1883248,2245994
1558,伸興,"本月增加百分比達50%以上,係因歐美縫紉機需求增加",-19.62,800381,55.63,413366,643327,91.08,2087552,3988929
1560,中砂,-,5.71,480526,22.93,413221,507991,17.3,2091412,2453254
1583,程泰,-,-4.54,594390,35.64,418300,567389,41.23,1889354,2668445
1597,直得,-,0.23,161737,26.05,128609,162123,35.13,549474,742515
2049,上銀,-,5.93,2236269,27.27,1861385,2369013,46.72,7222336,10596729
2371,大同,-,24.64,2218017,11.93,2469955,2764705,-17.44,13991998,11550811
3167,大量,市場設備需求逐漸復甦所致,2.27,428134,174.78,159356,437884,175.98,660916,1824021
4526,東台,-,23.65,802071,38.1,718133,991786,17.01,3109916,3639214
4532,瑞智,-,-11.34,2222346,23.88,1590403,1970258,33.54,7503817,10020611
4540,全球傳動,-,15.89,268079,43.24,216908,310702,22.06,1002414,1223598
4555,氣立,-,1.14,184820,24.14,150572,186931,36.14,601063,818316
4562,穎漢,-,-8.92,66711,4.13,58340,60754,15.08,265949,306073
4564,元翎,-,31.97,160262,32.43,159699,211498,17.87,809020,953666
4566,時碩工業,主係去年同期疫情影響營收，本期逐步恢復。及工業應用商品營收持續成長所致。,-6.71,367012,80.99,189162,342378,32.52,1389984,1842081
4572,駐龍,-,-0.29,33276,-1.06,33533,33177,-24.36,184867,139818
4576,大銀微系統,-,-4.99,265557,14.16,220983,252284,19.89,1011592,1212821
8222,寶一,-,-18.97,31271,-3.65,26299,25337,-42.71,237354,135958
8374,羅昇,新產品開始貢獻營收，5月營收創3年來新高,13.67,306808,48.32,235146,348777,34.78,1137833,1533670
8996,高力,-,-7.67,202151,23.65,150929,186635,3.45,862673,892519
1603,華電,"本公司產品為訂單式生產。營收增加主要係本期有交貨161KV電力電纜線，金額為63,713仟元。",8.65,148748,50.92,107088,161627,14.02,919800,1048799
1604,聲寶,-,22.66,683761,12.08,748297,838750,15.84,3134407,3631081
1605,華新,主係本期銷售價、量均較去年同期增加所致,4.29,12244761,77.15,7208866,12770540,21.55,44318021,53869678
1608,華榮,-,8.89,808397,14.37,769694,880343,32.11,2981125,3938524
1609,大亞,係因銅價上漲所致,12.75,2105240,62.98,1456484,2373863,52.25,6890166,10490754
1611,中電,-,-1.73,147596,-10.55,162147,145031,-15.75,894434,753474
1612,宏泰,-,9.08,496329,24.31,435517,541426,29.53,1927600,2496903
1614,三洋電,-,35.33,453266,6.56,575613,613425,10.88,2153917,2388364
1615,大山,110年累計營收較去年同期累計營收成長72.29%。係110/3-5增加子公司營建收入所致。,-61.15,885445,13.15,303998,343992,72.28,1170317,2016334
1616,億泰,-,38.99,204612,26.52,224775,284397,-0.95,1126920,1116213
1617,榮星,因銅價持續上漲，客戶需求也增加所致。,-11.91,445931,106.34,190355,392786,72.96,1082414,1872206
1618,合機,"110年5月業主通知交貨較多,致超高壓線及銅板等出貨量較去年同期增加。",153.12,176037,115.96,206328,445601,70.48,841175,1434108
4930,燦星網,"109/3/27董事會決議處分燦星國旅全數持股，109年第一季起將該公司轉列停業單位，合併營收109年5月累積扣除110,186仟元。",-4.81,975530,40.06,662930,928529,60.71,2761655,4438430
5283,禾聯碩,-,30.13,541955,28.07,550634,705248,16.63,2178520,2540904
1708,東鹼,-,-29.55,415078,-13.08,336406,292402,-10.35,1733342,1553910
1709,和益,主係產品銷售量增加及銷售價格調漲,19.26,754119,59.03,565530,899382,11.32,3583875,3989582
1710,東聯,2021年1~5月合併公司主要產品乙二醇之單價增加43%所致。,-4.8,2601336,37.76,1797573,2476338,53.56,7588105,11652437
1711,永光,主要係去年同期受到新冠肺炎疫情之影響，各國紛紛採取鎖國及封城等措施，整體需求大幅下降，致使基期較低所致。,-1.34,793963,65.74,472568,783261,16.94,3299037,3858027
1712,興農,-,2.26,1509545,4.81,1472936,1543796,2.23,7709740,7882391
1713,國化,-,9.06,47429,37.8,37539,51729,13.44,205600,233250
1714,和桐,-,-6.36,1732500,-22.69,2098560,1622275,-15.47,9705918,8203799
1717,長興,-,-8.5,4718326,49.06,2896092,4316922,47.71,13700545,20237667
1718,中纖,"備註	本月份自結異業別合併營收資訊,未經會計師簽證或核閱",-3.45,2680593,18.06,2191961,2587885,9.2,11881865,12975116
1721,三晃,-,8.44,212536,8.8,211844,230490,-8.6,1279750,1169684
1722,台肥,-,-15.12,858319,-2.26,745409,728505,-3.3,4687321,4532339
1723,中碳,本月營收較去年同月增加幅度較大，主係因油價較去年同期大漲，帶動主要產品售價上漲，導致本月營收較去年同期增加。,-0.98,649410,62.94,394598,642982,27.3,2326056,2961248
1724,台硝,-,-21.8,206642,26.81,127422,161593,12.11,723227,810865
1725,元禎,本年度因油價回升及石油產業復甦，下游備料增加，故本月營收亦較去年同期成長。,-4.5,975515,75.3,531424,931594,54.09,2781226,4285734
1726,永記,-,13.51,673100,28.23,595797,764047,12.5,3135072,3527160
1727,中華化,-,-5.55,157320,-0.56,149425,148585,-6.25,789738,740312
1730,花仙子,-,3.01,185384,-18.65,234770,190970,11.0,1151971,1278777
1732,毛寶,-,-1.94,55982,7.59,51019,54893,-1.09,271916,268947
1735,日勝化,去年同期合併營收受新型冠狀病毒疫情影響較深，本期所受影響已減少。另原物料上漲，售價亦有調漲所致,-3.95,286670,106.77,133159,275343,51.33,821734,1243566
1773,勝一,溶劑銷量較去年同期增加,10.52,855267,62.73,580843,945261,27.17,3219494,4094330
1776,展宇,-,-14.85,136020,32.44,87440,115808,10.42,566678,625740
3708,上緯投控,客戶訂單增加，帶動我司營收成長,-25.92,1163838,11.94,770123,862129,76.75,2631534,4651421
4720,德淵,-,-4.69,303251,8.22,267049,289020,26.5,1125712,1424036
4722,國精化,-,-13.48,402600,24.47,279843,348321,21.87,1546190,1884475
4739,康普,本月營收較去年同期增加56.90%主係動力電池材料銷售增加,-3.26,642018,56.89,395847,621067,37.19,2154734,2956215
4755,三福化,-,11.37,301878,25.63,267628,336226,9.9,1463071,1607949
4764,雙鍵,本期因市場回溫及客戶備貨需求提升，故營收較去年同期成長。,24.85,226738,65.51,171034,283085,25.4,984336,1234398
4766,南寶,-,-7.81,1556128,42.52,1006512,1434501,23.15,5913892,7283447
1598,岱宇,各品牌產品與電商通路銷售持續暢旺,-4.46,1004666,17.18,819092,959845,81.26,3195884,5793035
1701,中化,-,10.86,647486,14.76,625512,717855,-1.69,3432262,3374154
1707,葡萄王,-,20.69,762506,18.48,776728,920329,5.68,3458491,3655035
1720,生達,-,13.68,390132,16.84,379591,443535,8.43,1784344,1934772
1731,美吾華,美吾髮產品推陳出新深受消費者喜愛，擁有完整銷售通路，在電商和實體通路整合下，當月營收較去年同期大幅成長近40%。,-14.51,116540,39.9,71210,99623,27.68,411001,524796
1733,五鼎,-,8.37,157667,-1.56,173582,170873,10.84,816397,904928
1734,杏輝,-,-0.03,202986,-2.37,207854,202915,-0.59,1030170,1024058
1736,喬山,-,-9.91,2259849,10.78,1837652,2035765,28.11,9029967,11568309
1760,寶齡富錦,主係新冠肺炎疫情，檢驗試劑及感控部門之產品，市場需求增加，致整體營收增加。,155.92,99343,67.32,151948,254243,23.39,589663,727635
1762,中化生,客戶訂單需求增加，故當月營收較去年同期成長。,138.4,79533,120.77,85882,189610,19.61,577458,690753
1783,和康生,-,44.09,29919,14.23,37740,43113,7.94,170490,184041
1786,科妍,皮下填補劑、關節腔注射劑及可吸收防沾黏業務銷售增加。,39.42,30424,66.63,25455,42418,12.35,163838,184072
1789,神隆,-,13.88,234064,-22.27,342981,266566,-7.74,1237626,1141766
1795,美時,外銷戒癮含片之美國終端市場份額較去年同期大幅增加,-0.08,1157472,34.44,860254,1156527,53.0,3685053,5638389
3164,景岳,-,31.79,28873,40.5,27084,38054,27.73,133635,170693
3705,永信,-,9.19,604258,7.63,613000,659804,-7.77,3299471,3042894
4104,佳醫,-,4.31,533199,3.99,534850,556218,-3.38,2811939,2716619
4106,雃博,-,17.55,175798,9.55,188626,206657,28.16,751637,963319
4108,懷特,「癌因性疲憊症CRF」的處方新藥懷特血寶凍晶注射劑需求增強， 故當月業績較去年同期成長57.46%。,-14.72,19106,57.45,10347,16292,107.75,29155,60572
4119,旭富,因火災影響產線，目前廠內產能為0，租賃廠房產能貢獻仍有限,45.59,46551,-76.14,284084,67778,-67.39,1343021,437955
4133,亞諾法,-,47.89,32203,25.26,38021,47627,12.38,172769,194158
4142,國光生,營收增加主因為子公司銷售增加所致。,765.25,1977,169.38,6350,17106,-93.12,378377,26014
4155,訊映,-,48.86,84995,20.75,104787,126531,-13.37,585815,507471
4164,承業醫,-,-10.02,158515,14.1,125004,142630,-0.14,943590,942204
4737,華廣,-,-3.0,130341,5.5,119822,126419,21.97,590755,720558
4746,台耀,-,-14.7,294885,-3.24,259968,251523,9.49,1171490,1282687
6491,晶碩,因代工訂單增加，故業績提升,-7.34,478344,51.32,292882,443216,63.37,1265379,2067357
1802,台玻,本年當月比去年同期增加50%以上係因去年COVID-19疫情影響所致,3.98,4954460,63.58,3149379,5151765,65.67,13143882,21776514
1806,冠軍,-,0.18,272636,-22.44,352198,273149,-20.98,1437911,1136220
1809,中釉,去年受新冠肺炎(COVID-19)疫情影響，主要銷售國家封城，無法出貨。,5.94,178576,124.21,84378,189192,26.76,699301,886477
1810,和成,-,9.8,455094,36.46,366179,499694,9.35,1957584,2140623
1817,凱撒衛,-,-2.87,205788,4.89,190548,199880,11.65,865057,965860
1903,士紙,本月及累計營業收入較去年同期增加，主要係出售營建房地收入。,428.04,13658,431.62,13566,72120,219.05,67868,216535
1904,正隆,-,5.62,3720469,38.14,2844762,3929849,18.8,15098137,17937105
1905,華紙,-,-0.87,1937683,35.21,1420542,1920789,22.47,7622576,9335750
1906,寶隆,代理銷售工業用紙之噸數減少,139.55,13997,-61.33,86731,33531,-77.56,572677,128483
1907,永豐餘,-,5.98,7325248,39.93,5547969,7763627,29.88,28026979,36403140
1909,榮成,大陸工紙增加銷售量,36.68,3813448,60.98,3237743,5212273,54.08,13096077,20178674
2002,中鋼,鋼鐵事業群整體受惠鋼鐵市場復甦，銷售單價及數量較去年同月增加所致。,7.62,36906048,70.77,23257451,39718469,37.78,126610433,174446115
2006,東和鋼鐵,本公司受國際鋼價走揚及市場需求影響，銷售價格及數量均較為成長;子公司-東鋼越南自有品牌發酵後帶動訂單挹注，營收穩定成長。,-2.0,5071187,54.94,3207382,4969569,40.69,16282943,22908831
2007,燁興,-,9.06,552310,36.52,441230,602404,19.45,2366812,2827308
2008,高興昌,主要係本月銷售價格上揚,2.21,127751,94.42,67167,130587,57.01,338828,532003
2009,第一銅,主係因半導體與汽車產業需求增加致出貨量增加及國際銅價上漲,11.43,242517,53.41,176158,270259,30.57,920463,1201926
2010,春源,增加原因係本月受鋼價上漲及市場需求增加，銷售價格及數量均增加，故本月營收較去年同月增加。,2.33,2204533,52.98,1474671,2256068,38.26,7184677,9933644
2012,春雨,去年度因為新冠肺炎疫情影響，導致銷售業績大幅下降。,1.97,949483,81.9,532262,968215,35.75,3119317,4234619
2013,中鋼構,-,8.91,1083852,9.04,1082568,1180440,8.6,5343028,5802729
2014,中鴻,本月銷售量及售價皆較去年同月增加，致營業收入增加。,13.44,4011635,94.79,2336305,4551071,29.52,14972861,19393228
2015,豐興,主係景氣復甦，原物料上漲，銷售數量及價格分別較去年同期上漲21%及30%，使110年5月營業收入較去年同期大幅成長。,14.68,2969908,56.34,2178457,3405947,30.08,10970547,14271529
2017,官田鋼,鋼市行情上漲，價格提高,-9.01,406409,69.22,218516,369782,50.64,1197478,1803965
2020,美亞,-,11.62,505460,31.65,428547,564219,19.98,2028287,2433598
2022,聚亨,因新冠炎疫情影響，造成材料及貨櫃短缺、煤鐵礦原料價格高檔，市場搶料及缺料，促使鋼價不斷往上攀升，致使營收大幅提升,36.61,905818,89.0,654742,1237469,47.76,3462522,5116522
2023,燁輝,銷售量及售價皆明顯較去年同期提升所致,7.33,7040344,80.19,4193667,7556716,58.3,21019226,33274426
2024,志聯,"去年因疫情關係營收下降,本年因國際鋼價回升且市場需求增加所致",18.2,130363,92.87,79895,154100,47.47,439481,648112
2025,千興,本月及本年累計營收較去年同期增加，主要係客戶需求增加所致。,-25.5,83818,2222.91,2688,62440,92.51,308685,594279
2027,大成鋼,因美國市場需求暢旺所致,-4.44,8504918,113.13,3813270,8127299,58.41,23769516,37653903
2028,威致,景氣回升好轉，故營收增加,16.54,1002548,68.15,694878,1168458,54.81,3190661,4939778
2029,盛餘,"銷售量比去年同期多7,206噸且銷售平均價格比去年同期上漲",-9.96,1245262,76.28,635984,1121146,53.54,3630171,5574125
2030,彰源,主要係歐美疫情趨緩及國內客戶需求增加所致,15.67,1131432,56.7,835192,1308810,31.81,4111198,5419263
2031,新光鋼,本月及本年累積營收較去年同期增加50%以上，主要係鋼鐵需求量增加及價格上漲所致。,15.59,1187740,101.04,682896,1372935,62.66,3562492,5795097
2032,新鋼,-,26.74,276624,33.38,262843,350601,20.48,1233605,1486353
2033,佳大,-,14.24,68627,35.17,58001,78403,9.84,311882,342592
2034,允強,-,13.58,1268314,43.37,1004758,1440575,7.24,5688421,6100611
2038,海光,-,-0.32,805877,22.16,657470,803225,17.86,3308841,3900045
2069,運錩,主要係鋼鐵需求量增加及價格上漲所致。,26.64,975613,114.9,574928,1235547,73.46,2734448,4743253
2211,長榮鋼,-,7.75,788423,32.6,640670,849579,24.71,3757535,4686199
3004,豐達科,-,19.7,89725,-7.23,115790,107407,-42.22,915429,528924
5007,三星,去年因新冠狀病毒疫情影響致營收減少，今年恢復正常,1.94,610860,175.19,226280,622722,46.12,1960842,2865184
9958,世紀鋼,本月增加百分比達50%以上，主因風力事業陸續投產，影響收入較同期增加。,71.5,609554,179.93,373444,1045395,73.1,1917399,3319066
2101,南港,"本公告係屬自結數,與會計師所出具之財報因匯率之故將存有略微差異,屆時請以財報為準.",5.8,629066,1.9,653096,665562,6.69,3276472,3495703
2102,泰豐,"因美國反傾銷案,導致本公司5月營收及累計營收下滑",-5.55,111960,-71.43,370177,105742,-60.99,1965336,766633
2103,台橡,109年受疫情影響營業額遽減，110年恢復正常,-6.51,3011563,67.5,1680718,2815223,38.71,10123838,14043597
2104,國際中橡,109年因疫情影響，營收減少，110年因疫情趨緩，營收增加,-6.54,2028567,109.32,905638,1895748,52.51,6092153,9291255
2105,正新,無。,-3.4,8748853,14.72,7365921,8450749,33.11,33572899,44691289
2106,建大,-,-3.16,3107767,24.32,2420634,3009523,31.54,11159417,14679736
2107,厚生,-,6.03,232755,15.2,214228,246796,5.03,1346185,1413964
2108,南帝,主係銷售量值增加,-8.7,2628840,145.29,978470,2400094,161.86,4576072,11983062
2109,華豐,因疫情因素，致使109年5月營收驟降。,10.18,445936,77.46,276875,491349,30.94,1721555,2254236
2114,鑫永銓,-,0.71,166373,26.67,132272,167561,16.77,641658,749320
6582,申豐,主係銷售單價調升,18.07,832321,168.72,365715,982780,151.54,1635369,4113764
1319,東陽,-,-5.51,1463614,35.11,1023551,1382944,7.73,6836318,7364894
1339,昭輝,-,-7.84,170515,22.47,128300,157139,8.19,776584,840249
1512,瑞利,-,-26.51,102657,-27.47,104011,75439,-17.15,501580,415554
1521,大億,-,12.4,392103,42.97,308244,440727,25.27,1683230,2108705
1522,堤維西,-,0.18,1359787,43.39,950017,1362275,19.56,5583348,6675836
1524,耿鼎,去年同期受新冠肺炎疫情影響，營收大幅減少。,35.72,121778,51.07,109404,165284,-0.35,750097,747471
1525,江申,中心廠訂單需求增加,6.05,116157,64.1,75070,123191,46.56,379952,556872
1533,車王電,「本期營收增加，係因電動巴士及汽車電子市場突破且穩定成長。」,12.14,229800,71.53,150233,257699,18.32,895487,1059609
1536,和大,汽車供應鏈需求增加及去年疫情影響營收基期較低,7.85,558067,135.16,255959,601926,49.14,1832357,2732947
1568,倉佑,-,-22.54,155613,15.31,104524,120537,22.92,607002,746158
1587,吉茂,公司接單狀況良好,-11.58,221466,86.25,105127,195806,68.21,565870,951881
2201,裕隆,-,3.31,5907703,-11.26,6878502,6103777,7.09,30682100,32858627
2204,中華,-,4.89,2621175,21.46,2263579,2749367,15.96,12086195,14015228
2206,三陽工業,-,-4.97,3712547,19.84,2943570,3527776,23.52,13890147,17157466
2207,和泰車,-,1.82,20954091,26.56,16857619,21335761,17.28,91972800,107873467
2227,裕日車,-,-10.56,2590565,-2.1,2366796,2316993,4.49,12257730,12808442
2228,劍麟,主係去年同期疫情影響營收，本期逐步恢復。,-7.8,303370,70.38,164160,279701,20.32,1304150,1569188
2231,為升,因去年受疫情影響，故造成該差異。,-10.01,402870,71.96,210817,362536,50.93,1277456,1928150
2233,宇隆,主係因新冠肺炎影響趨緩，客戶需求及訂單明顯回升。,-5.74,309068,87.42,155436,291320,53.93,901349,1387463
2241,艾姆勒,-,0.81,85375,40.24,61370,86067,18.7,344739,409213
2247,汎德永業,-,2.06,4073587,10.58,3759792,4157667,23.75,14984288,18543219
2497,怡利電,109/5係因受新冠肺炎疫情影響，車廠停工，致營收大幅減少，110/5維持今年以來的出貨水平。,-3.81,185709,76.35,101285,178617,52.47,578381,881865
3346,麗清,主係中國汽車市場需求增加，使銷售額相對增加。,-10.78,464211,26.58,327186,414159,75.56,1354722,2378462
4551,智伸科,本月營收較去年同期增加，主要係汽車、運動及電子銷售成長所致。,-0.72,758924,72.8,435998,753440,52.3,2478333,3774644
6288,聯嘉,本公司去年同期營收減少，主要係因新冠狀肺炎疫情之影響，北美客戶暫時關閉其工廠，致使出貨遞延所致。,0.15,287847,133.88,123270,288306,37.93,1130708,1559697
6605,帝寶,去年同期因新冠肺炎疫情影響，致比較基期較低。,-5.32,1355831,57.0,817542,1283595,22.96,5459458,6713078
2302,麗正,系訂單需求增加,-0.34,65856,78.83,36696,65627,63.85,180686,296058
2303,聯電,-,4.92,16382058,16.57,14745577,17189070,11.92,72072613,80668140
2329,華泰,-,2.76,1368280,18.08,1190738,1406100,8.47,6050689,6563276
2330,台積電,無。,0.93,111314794,19.76,93819010,112359668,17.11,500417765,586084692
2337,旺宏,-,5.13,3810816,41.29,2835520,4006487,11.25,15679128,17444447
2338,光罩,-,2.59,479967,37.93,356997,492410,23.75,1816914,2248439
2342,茂矽,-,23.92,138952,1.36,169880,172198,-1.09,730269,722274
2344,華邦電,本公司之子公司新唐科技109/9/1完成對日本Panasonic Corporation半導體相關事業之併購，自完成日起該事業併入本公司合併財報,-1.17,8304909,92.04,4273412,8207005,87.58,20171004,37837272
2351,順德,-,-1.14,920273,33.17,683103,909710,29.61,3303555,4281777
2363,矽統,-,12.52,16253,42.01,12878,18289,25.91,68058,85694
2369,菱生,-,0.49,651712,49.77,437315,654970,39.63,2160951,3017462
2379,瑞昱,無,9.79,7811945,49.79,5725927,8576975,46.13,27187405,39729666
2388,威盛,-,17.08,468545,17.8,465670,548591,6.49,2428726,2586489
2401,凌陽,受惠於新冠疫情影響，視訊相關產品、筆記型電腦及相關周邊市場需求增加所致。,7.06,669462,50.06,477635,716783,53.85,2004828,3084572
2408,南亞科,-,2.83,7394273,37.01,5549926,7604264,27.9,25588474,32729150
2434,統懋,-,-12.92,13600,0.3,11806,11842,9.43,53987,59078
2436,偉詮電,-,10.44,270935,40.14,213510,299224,43.12,924184,1322751
2441,超豐,-,2.61,1591489,32.05,1236702,1633148,31.27,5667823,7440235
2449,京元電子,-,3.75,2757602,10.71,2584325,2861258,8.86,12170298,13249750
2451,創見,去年同期受疫情影響，基期較低,-0.92,1289337,53.55,831925,1277428,25.25,4842602,6065386
2454,聯發科,(1)差異原因說明：主要產品線如智慧型手機、物聯網與電視晶片皆成長。(2)海外子公司之營收係以當月平均匯率換算之。,13.0,36571590,89.76,21777663,41325915,80.18,103186548,185930487
2458,義隆,居家辦公及授課市場需求增加,-2.98,1712236,35.59,1225041,1661074,68.42,4470310,7529131
2481,強茂,"本月營收淨額含二極體$1,205,660仟元及其他$18,869仟元，減銷退/折$6,630仟元。",6.28,1145856,41.83,858701,1217899,41.94,3870068,5493234
3006,晶豪科,本期合併月營收相較於去年同期有所成長，主要係因市場需求較去年同期成長所致。,3.63,2011711,113.06,978518,2084866,54.61,5865032,9068053
3014,聯陽,因受疫情影響，公司產品需求增加。,9.21,576001,62.13,388006,629088,71.76,1587686,2727037
3016,嘉晶,-,3.73,395568,18.6,345951,410324,12.78,1702815,1920510
3034,聯詠,市場需求提升以及公司積極擴展業務，致營收較去年同期成長。,3.28,11083873,84.28,6212160,11447855,64.93,29647548,48898243
3035,智原,-,0.21,558416,29.46,432250,559624,28.5,2064598,2653015
3041,揚智,-,-4.75,244150,23.54,188225,232544,26.63,825438,1045271
3054,立萬利,本期無電子相關營收致本期營收較去年同期減少。,82.14,3315,-85.19,40789,6038,-87.22,179336,22904
3094,聯傑,-,-19.0,29001,8.15,21719,23490,25.73,95394,119941
3189,景碩,-,5.21,2732110,22.29,2350465,2874588,24.54,10303984,12832684
3257,虹冠電,客戶需求增加,1.45,108477,33.56,82398,110053,60.31,310321,497499
3413,京鼎,-,-3.73,1034877,11.91,890138,996225,24.55,3796077,4728391
3443,創意,-,7.04,1011945,16.41,930456,1083197,4.42,5178147,5407333
3450,聯鈞,-,-0.84,615756,11.13,549374,610558,23.42,2404532,2967870
3530,晶相光,因監控系列產品營收較去年同期大幅成長所致。,6.83,333001,103.5,174815,355765,70.78,943954,1612125
3532,台勝科,-,-2.03,956367,-9.69,1037466,936864,-2.82,4987600,4846876
3536,誠創,-,-1.37,54313,-12.08,60925,53564,21.77,210630,256504
3545,敦泰,主力產品出貨提升,2.18,1908675,161.15,746860,1950433,78.46,4599853,8208962
3583,辛耘,-,-23.16,404880,0.35,310003,311097,40.74,1188320,1672536
3588,通嘉,-,3.91,165969,44.41,119420,172462,45.21,528714,767785
3686,達能,由於多晶矽原料供不應求，加上晶片製造商擔憂缺料的預期心態下，五月份現貨價格持續上漲，因此營收較去年同期業績大幅成長。,12.96,16531,199.13,6243,18675,74.2,39197,68285
3711,日月光投控,-,2.25,41333449,18.1,35788001,42267016,20.55,168448405,203070249
4919,新唐,本公司109/09/01完成對日本Panasonic Corporation半導體相關事業之併購，自完成日起該事業併入本公司合併財務報告,-3.55,3495440,228.75,1025400,3371012,312.66,4104762,16938932
4952,凌通,-,6.29,301697,27.83,250873,320698,41.32,953385,1347348
4961,天鈺,本月營收較去年同期增加主係顯示器驅動IC出貨量增加所致,17.13,1751503,196.54,691822,2051590,122.76,3504705,7807320
4967,十銓,-,2.17,611842,10.66,564922,625146,18.71,2653625,3150337
4968,立積,因客戶需求增加及產能提升,-4.15,614232,44.41,407656,588711,91.58,1536859,2944422
5269,祥碩,-,11.8,444871,46.42,339685,497393,6.4,2369984,2521704
5285,界霖,-,-7.3,566678,48.98,352574,525281,49.53,1701466,2544271
5471,松翰,-,-5.24,547974,7.15,484556,519236,31.16,1871231,2454331
6202,盛群,-,6.23,523085,16.09,478689,555724,28.84,1974065,2543507
6239,力成,-,3.22,6671415,6.84,6444874,6886318,0.52,31820593,31986966
6243,迅杰,客戶端需求持續強勁，故公司五月份整體營收呈現成長。,-14.54,75906,51.73,42751,64869,41.01,232014,327183
6257,矽格,-,4.31,1350187,46.71,959984,1408402,34.93,4641342,6262966
6271,同欣電,投資之子公司營收併入,3.96,1112037,68.36,686655,1156121,67.43,3230832,5409420
6515,穎崴,-,17.69,185151,-29.22,307914,217915,-21.07,1203146,949582
6531,愛普,"市場需求強勁故營收增加，另去年同期之合併營收已排除停業單位營收，109年5月累計合併營收(含停業單位)為1,595,068仟元。",-0.59,518317,136.9,217488,515235,62.45,1392090,2261478
6533,晶心科,因本期矽智財授權收入提升，故營收較去年同期增加。,12.65,53911,68.52,36039,60736,43.28,185482,265773
6552,易華電,-,-1.12,273400,7.42,251652,270335,17.72,1066477,1255515
6756,威鋒電子,本期出貨量增加。,0.16,266771,57.45,169699,267206,65.47,760924,1259128
8016,矽創,主係驅動IC出貨量增加及調漲產品售價所致,7.8,1765268,149.27,763403,1902983,58.72,4858019,7710891
8028,昇陽半導體,-,-1.44,233617,18.88,193663,230231,10.91,1023876,1135590
8081,致新,-,4.25,769287,49.96,534779,802002,35.37,2774278,3755658
8110,華東,-,-2.64,730826,35.05,526780,711460,7.61,2646712,2848181
8131,福懋科,-,-2.35,840933,3.83,790834,821160,-0.03,4198119,4196447
8150,南茂,-,2.41,2283389,30.7,1789294,2338610,20.11,9230420,11087338
8261,富鼎,本年較去年同期增加60.33%，係因受惠終端客戶需求強勁使營收大幅增加,15.85,310696,31.84,273014,359958,60.33,1059944,1699409
8271,宇瞻,-,-3.21,784520,49.89,506545,759261,18.18,3082070,3642661
2301,光寶科,-,-0.65,13642841,-1.18,13716515,13554054,8.1,60049124,64914409
2305,全友,-,-0.47,53021,15.46,45703,52769,35.46,182363,247040
2324,仁寶,無,-10.23,89350327,-8.49,87650410,80201551,20.75,364002501,439543412
2331,精英,-,5.05,2244933,-10.04,2621688,2358385,18.03,9415885,11114481
2352,佳世達,-,4.54,17346469,32.15,13722146,18134578,28.14,67409406,86384728
2353,宏��,-,-0.57,24949924,22.92,20181059,24806745,36.64,88783257,121314219
2356,英業達,-,-7.48,38194670,-23.28,46063044,35337345,0.73,184028398,185380204
2357,華碩,主要係本年受惠於後疫情時代下對筆電的需求大幅增加，及本公司執行品牌金三角策略，推動主要產品市占率增加所致。,4.74,39139014,35.87,30170871,40995436,58.73,123664226,196296132
2362,藍天,-,22.29,1858099,9.8,2069459,2272324,34.38,7243373,9734353
2364,倫飛,歐美客戶專案出貨增加，致本月營收較去年同期增加。,-9.88,93000,52.79,54850,83807,20.39,300732,362077
2365,昆盈,-,-32.41,87361,-43.17,103893,59041,4.08,555475,578184
2376,技嘉,"本月營收較去年同期增加,主要係板卡及網通產品銷售成長所致。",5.01,11047434,51.96,7634334,11601877,64.38,31033302,51014783
2377,微星,營收增加50%以上，係市場需求持續暢旺所致,3.95,15077434,43.14,10949799,15674299,57.31,50061597,78756693
2380,虹光,海外及中國地區銷售增加,-0.86,286603,263.97,78064,284132,159.96,462920,1203416
2382,廣達,-,0.25,84836851,-8.88,93347803,85052076,19.57,367009026,438842539
2387,精元,因疫情居家辦公及客戶NB新機型導入出貨量增加，連帶鍵盤出貨量增加所致,-6.55,2160395,22.56,1647113,2018729,54.72,6082735,9411708
2395,研華,-,-4.02,4675360,-0.35,4503341,4487246,10.68,20168534,22324008
2397,友通,主係因新增合併子公司Brainstorm Corporation，致使本月營收增幅百分比達50%以上。,66.1,692175,75.43,655366,1149746,9.43,3518114,3850039
2399,映泰,"主要係主機板及顯示卡等產品之銷售成長,使本月營收較去年同期增加",15.28,212013,60.46,152317,244409,27.9,822458,1051948
2405,浩鑫,-,12.37,134823,26.57,119696,151504,-8.26,741772,680492
2417,圓剛,本年累計營收較去年同期增加主要係因出貨量增加所致。,-14.7,471004,23.8,324480,401732,64.9,1304736,2151573
2424,隴華,-,7.58,1147,-31.17,1793,1234,-4.47,8047,7687
2425,承啟,本月及本年營業收入較同期增加主係AI市場需求增加，故本月及本年營業收入較去年同期增加。,29.4,470447,82.51,333561,608799,108.65,1102688,2300770
2442,新美齊,主係109年12月對凱銳控股(股)公司及凱銳光電(股)公司等重要子公司喪失控制力，故自110年1月起不納入合併個體,-98.91,874108,-96.61,280664,9497,-23.84,1447933,1102619
2465,麗臺,本月及累計較去年同期分別成長243.28%及147.85%；主系大陸市場之人工智能行業應用對 RTX QUADRO、Geforce及DGX A100的需求增加。,12.86,1025636,243.28,337208,1157568,147.85,1542263,3822560
3002,歐格,受疫情影響，客戶下單減少,-28.99,51419,-50.66,73993,36508,-23.57,289793,221463
3005,神基,-,-17.83,2963080,-5.87,2586704,2434671,17.39,10768041,12640779
3013,晟銘電,-,16.94,317611,-29.84,529442,371442,-30.74,2524057,1748089
3017,奇鋐,-,1.47,4484334,5.76,4302681,4550590,22.64,16008578,19633720
3022,威強電,-,-1.88,513413,-13.08,579592,503746,18.75,2057881,2443751
3046,建��,110年5月份及本年度1~5月累計營收較去年同期增加原因，主係去年因國際客觀情勢及疫情影響，致當年度營收較低。,-3.45,185911,107.24,86610,179492,61.67,525923,850272
3057,喬鼎,-,37.22,51161,-3.59,72822,70205,-22.5,431728,334588
3060,銘異,-,17.16,272735,6.22,300809,319548,-11.5,1652938,1462806
3231,緯創,-,-10.62,68220509,-19.04,75316883,60974386,-3.02,315876925,306334061
3416,融程電,出貨增加,46.3,173082,114.2,118218,253229,71.26,590323,1011009
3494,誠研,-,-31.46,43297,39.93,21207,29675,-22.44,226508,175662
3515,華擎,"“本年累計營業收入淨額”採年平均匯率計算,“本月營業收入淨額”採該月平均匯率計算,故累計營收淨額與各月營收淨額加總會有差異",-5.47,1945465,11.28,1652360,1838910,28.59,6579798,8461306
3701,大眾控,主要客戶訂單增加,0.92,783043,44.84,545612,790309,53.69,2444785,3757445
3706,神達,-,-18.21,4136027,-8.38,3692532,3382731,25.23,15128694,18946278
3712,永崴投控,-,6.21,495242,-2.94,541959,526005,21.65,2675139,3254362
4916,事欣科,主因對恩德(1528)喪失控制力，故未予納入合併營收，致累計營收變動逾50%。,9.83,212799,-26.72,318985,233729,-60.82,2243393,878913
4938,和碩,無,-2.93,93054564,-20.84,114112166,90320534,-19.42,496378999,399948429
5258,虹堡,-,2.73,283512,10.33,263992,291274,-3.01,1412426,1369881
6117,迎廣,-,9.32,171395,-24.5,248195,187376,-4.71,943899,899422
6128,上福,去年受新冠肺炎疫情影響導致營收驟減，本年營收逐漸回復。,0.52,401770,81.66,222317,403868,12.29,1748919,1964025
6166,凌華,-,-21.7,733980,-21.28,730001,574633,-12.59,3895789,3404943
6172,互億,109年國防部抗彈板採購案，分批出貨認列營收,60.23,44885,62.1,44367,71920,39.9,168628,235916
6206,飛捷,-,-6.35,405638,24.11,306058,379877,-9.31,1875196,1700500
6230,尼得科超眾,-,2.58,760984,4.68,745757,780672,28.04,3136042,4015634
6235,華孚,主要係因去年同期及去年累計受新型冠狀病毒影響造成低基期所致。,10.24,209501,91.52,120591,230958,54.48,697400,1077388
6277,宏正,-,2.2,399492,20.12,339910,408314,9.9,1855365,2039222
6414,樺漢,-,5.93,7016323,28.8,5770649,7432676,16.62,29623012,34548079
6579,研揚,-,7.85,379459,-23.25,533320,409278,-14.97,2417178,2055292
6669,緯穎,-,-1.23,16616629,-0.3,16461603,16411547,11.58,64806894,72314818
8114,振樺電,-,3.51,662960,9.49,626753,686233,8.09,3073089,3322001
8163,達方,-,-4.41,2525742,23.47,1955109,2414125,38.85,7878516,10939815
8210,勤誠,-,-3.33,760631,-3.87,764882,735229,15.65,2866107,3314787
9912,偉聯,-,-14.28,58831,37.85,36578,50426,28.35,187279,240374
2323,中環,-,5.66,637002,11.94,601275,673115,-11.38,3960377,3509387
2340,光磊,-,-35.21,509918,-17.8,401936,330354,19.37,2030300,2423682
2349,錸德,-,-4.78,660828,25.75,500371,629229,18.8,2572468,3056221
2374,佳能,-,-12.4,258395,2.42,220985,226347,-10.39,1228208,1100501
2393,億光,-,10.12,2066504,18.19,1925532,2275834,22.08,8378557,10228911
2406,國碩,-,-9.71,706188,7.06,595517,637566,9.77,3271981,3591940
2409,友達,本期營收較去年同期增加主要係市場價格上漲及出貨量增加所致。,8.5,29600923,47.8,21729311,32117581,51.34,95583057,144659123
2426,鼎元,-,0.93,279978,31.7,214568,282599,42.29,929070,1322011
2429,銘旺科,1.主係光學面板產品需求增加 2.新增合併公司-富動科技股份有限公司,0.49,105950,83.49,58022,106470,57.59,301727,475493
2438,翔耀,-,6.98,33949,5.37,34466,36319,-3.37,174017,168136
2466,冠西電,-,12.24,70422,-1.21,80022,79047,27.5,286628,365475
2486,一詮,本公司因新產品應用持續開發及出貨，使營業收入已逐月成長。,4.5,490178,56.0,328380,512274,53.57,1507664,2315377
2489,瑞軒,-,-7.68,1462046,-7.93,1465982,1349662,33.42,5485624,7319190
2491,吉祥全,本期認列金融資產處分利益及透過損益按公允價值衡量之金融資產未實現評價調整,-82.32,218921,96.91,19653,38699,331.63,90501,390634
3008,大立光,-,-1.16,3398663,-12.95,3858718,3358902,-14.52,21728736,18571710
3019,亞光,本月營收較去年同期增加，主要係因客戶需求上升。,-0.03,1668547,36.74,1219743,1667912,51.08,5337902,8064883
3024,憶聲,-,14.03,116649,33.3,99787,133021,37.1,471630,646614
3031,佰鴻,-,-20.47,163942,9.2,119385,130377,24.65,505834,630547
3038,全台,-,1.79,337156,-13.49,396728,343205,8.46,1498351,1625123
3049,和鑫,-,17.13,269209,38.31,227982,315331,14.34,1338275,1530245
3050,鈺德,-,1.84,81551,9.35,75949,83057,5.34,390608,411467
3051,力特,主要係各項產品市場需求持續增加,-2.86,312577,98.11,153254,303619,48.37,922288,1368454
3059,華晶科,本年累計營收較去年同期增加50%以上，係因客人需求增加。,-0.95,748711,46.96,504589,741589,62.61,2134539,3471163
3149,正達,-,1.59,192395,-19.56,242999,195458,17.28,863108,1012270
3356,奇偶,經銷商回補庫存,1.67,107173,59.65,68252,108967,1.63,472552,480271
3383,新世紀,-,-11.54,50927,-3.14,46509,45048,0.8,235611,237511
3406,玉晶光,-,8.58,674298,-28.63,1025976,732198,-14.84,4658978,3967451
3437,榮創,-,-0.86,331030,-27.85,454864,328161,10.99,1980140,2197859
3454,晶睿,-,11.15,468894,12.2,464504,521196,-9.4,2507281,2271362
3481,群創,本期營收較去年同期增加，主要係市場價格上漲及出貨量增加所致。,3.39,30345891,42.34,22042654,31376527,56.36,93091062,145561114
3504,揚明光,-,-4.02,377244,-2.62,371827,362077,26.19,1405664,1773837
3535,晶彩科,-,-25.63,86784,-28.83,90686,64534,36.11,477634,650117
3543,州巧,-,-2.34,278227,24.99,217364,271693,25.49,1094829,1373910
3563,牧德,-,3.34,230980,6.51,224098,238709,-0.65,1166164,1158514
3576,聯合再生,-,25.73,1015150,5.64,1208200,1276391,4.99,5044384,5296509
3591,艾笛森,-,-4.15,203476,38.24,141062,195018,13.68,826852,940041
3622,洋華,本年增加原因：係因光電非消費性產品出貨增加所致。,-15.12,125232,23.98,85727,106290,136.69,240286,568751
3714,富采,富采於110/1/6公司始設立,8.86,2911948,,0,3170196,,0,12961003
4934,太極,-,-23.0,210900,-11.41,183299,162379,-9.98,874423,787073
4942,嘉彰,-,2.2,708641,16.3,622754,724299,35.68,2534421,3438715
4956,光鋐,係因去年度受疫情影響所致,-4.06,150737,46.65,98603,144604,60.28,457515,733344
4960,誠美材,-,4.83,901892,16.86,809043,945488,27.74,3596079,4593741
4976,佳凌,本月營收較去年同期增加主要係因客戶需求增加所致,3.0,142861,108.52,70568,147153,115.75,355357,766689
5234,達興材料,-,0.34,365522,1.88,360026,366796,-1.71,1838477,1806927
5484,慧友,主要係因車載產品訂單增加使營收成長,23.72,42636,67.63,31467,52751,56.05,115824,180747
6116,彩晶,主要為面板價格較去年同期上漲所致。,2.33,2750339,123.01,1262079,2814670,136.17,5696028,13452651
6120,達運,主要係業務量增加。,-1.19,1618373,43.73,1112444,1598966,65.16,4754997,7853423
6131,鈞泰,係本期批發商品銷售金額增加所致,32.58,3545,124.12,2097,4700,491.75,-5678,22244
6164,華興,-,6.72,76054,24.53,65179,81169,12.71,338035,381021
6168,宏齊,主係現有產品推廣及新產品發酵,-1.42,272549,55.61,172650,268661,25.97,970536,1222635
6176,瑞儀,-,-9.06,4924942,-10.05,4979077,4478330,25.83,18651858,23470857
6209,今國光,-,8.13,273106,46.98,200924,295331,37.21,1013918,1391230
6225,天瀚,數位影像產品出貨量減少所致,2.59,1042,-57.22,2499,1069,23.3,4772,5884
6226,光鼎,-,2.26,81608,11.23,75025,83454,17.62,316435,372207
6278,台表科,本月營收較去年同期增加70.02%，主要是去年疫情影響，各客戶出貨減少，今年因疫情較緩和，各客戶出貨增加所致。,7.11,4945016,70.01,3115601,5297090,48.46,14652679,21753870
6289,華上,-,0.87,5354,-8.09,5877,5401,12.43,28394,31924
6405,悅城,-,4.74,44178,6.48,43458,46275,9.04,172761,188393
6443,元晶,-,6.52,454450,19.44,405296,484116,14.37,1814521,2075398
6477,安集,-,-4.3,91238,-46.47,163122,87311,-23.52,485624,371366
6668,中揚光,-,-17.07,105394,-39.48,144430,87395,-17.26,666155,551174
6706,惠特,因市場需求增溫，出貨暢旺所致,9.93,429677,86.64,253088,472381,50.7,1384242,2086147
8104,錸寶,-,-3.41,154408,5.32,141586,149128,33.77,566375,757654
8105,凌巨,因去年受疫情影響，導致去年與今年同期比較，差異超過50%,1.97,895224,54.91,589292,912922,45.64,2748291,4002880
8215,明基材,-,7.24,1369750,18.26,1242122,1468949,16.99,5910318,6914982
2314,台揚,-,1.72,310826,-20.04,395492,316202,0.41,1621526,1628289
2321,東訊,-,18.01,81357,1.14,94929,96017,-4.49,444501,424536
2332,友訊,-,-16.58,1155108,-6.79,1033770,963543,8.9,5524138,6016297
2345,智邦,-,6.2,4624529,30.49,3763609,4911263,16.22,19559850,22734171
2412,中華電,-,-0.02,16340190,1.39,16110489,16335973,3.49,79978000,82777158
2419,仲琦,配合客戶需求出貨量增加,17.98,749862,-3.59,917782,884752,51.92,2932318,4454857
2439,美律,-,-3.03,2830459,26.67,2166735,2744608,41.2,9425985,13310117
2444,兆勁,-,36.81,103635,13.28,125164,141790,16.34,592872,689757
2450,神腦,-,1.1,2205259,6.01,2103095,2229644,12.55,10642676,11978687
2455,全新,-,-0.12,288878,49.24,193321,288522,41.01,1040037,1466617
2485,兆赫,-,-19.53,521919,-38.63,684400,419972,-18.43,2875493,2345289
2498,宏達電,-,-19.71,380022,-23.14,396975,305094,-8.08,2023891,1860203
3025,星通,國內需求增加,9.49,32117,140.01,14652,35167,5.65,178922,189039
3027,盛達,-,-20.8,85926,1.32,67157,68049,15.15,307994,354685
3045,台灣大,-,20.17,11237224,24.82,10819041,13504749,14.21,52582120,60054563
3047,訊舟,-,-6.63,434633,-25.2,542543,405795,-8.48,2250102,2059129
3062,建漢,-,1.35,309978,-15.24,370677,314181,-4.66,1763518,1681325
3138,耀登,-,1.64,129821,46.43,90108,131951,33.96,429001,574690
3311,閎暉,-,-11.93,151712,31.85,101331,133610,21.03,624613,755987
3380,明泰,-,25.38,2143116,1.35,2651164,2687151,23.47,9737812,12023554
3419,譁裕,因109年8月已出售子公司蘇州華廣電通有限公司100%股份，故109年之合併營收更改為不包含該營收。,22.41,138041,34.75,125400,168986,29.03,491068,633668
3596,智易,-,-5.93,3278819,25.89,2449732,3084177,28.19,12471610,15987811
3669,圓展,本月較去年同期增加主要係因出貨量增加所致。,-14.07,356337,81.24,168928,306181,94.48,853915,1660761
3682,亞太電,-,-7.93,1075581,-12.92,1137170,990211,-9.13,5626390,5112486
3694,海華,-,14.95,885688,25.59,810706,1018185,38.13,3144126,4343092
3704,合勤控,-,10.61,1803690,19.63,1667721,1995135,49.06,7161819,10675697
4904,遠傳,-,1.54,6359087,1.36,6370749,6457443,5.49,31900413,33652305
4906,正文,新客戶、新產品帶動營收成長,6.88,2107273,24.29,1812071,2252259,50.9,6361528,9599815
5388,中磊,-,-4.31,3268553,2.41,3053975,3127606,28.78,12419108,15994030
6136,富爾特,-,-1.66,53056,23.0,42414,52170,-3.93,269167,258588
6142,友勁,-,-10.18,203461,-31.69,267530,182745,16.66,932533,1087914
6152,百一,主要係因客戶需求增加,6.26,277482,30.58,225791,294859,55.93,801786,1250245
6216,居易,-,16.87,68009,16.19,68410,79488,3.05,352446,363210
6285,啟��,-,2.78,5137151,8.42,4869905,5280326,11.29,23147225,25761064
6416,瑞祺電通,-,28.3,300463,-14.48,450801,385523,-10.13,2144317,1927064
6426,統新,-,-10.9,51629,-26.74,62787,45997,-20.64,285633,226659
6442,光聖,-,4.49,243139,37.68,184530,254075,23.46,961410,1187035
6674,鋐寶科技,-,3.59,237623,24.28,198055,246154,34.19,924852,1241063
8011,台通,-,26.61,113634,-4.06,149978,143876,-2.66,615076,598707
8101,華冠,主要客戶出貨量持續下滑，導致較去年同期降低,-12.73,68118,-68.42,188271,59445,-57.08,882392,378684
1471,首利,本月營收較去年同期減少，主要係因為客戶需求減少所致。,-28.91,40805,-73.14,107993,29005,-31.5,294070,201423
1582,信錦,-,-5.46,873364,-4.67,866086,825639,11.08,3593432,3991744
2059,川湖,-,-0.39,508572,19.06,425418,506542,17.12,1956816,2291875
2308,台達電,-,-1.18,26438926,10.77,23584220,26126461,21.92,102560102,125050670
2313,華通,-,-10.28,4520054,-7.27,4373283,4055147,4.21,21093362,21982903
2316,楠梓電,-,10.2,398406,5.23,417213,439074,2.63,1957995,2009636
2327,國巨,與去年同期比較營收增加，主要是因終端市場的強勁需求所致。,2.04,9017470,105.12,4485885,9201889,121.47,18946937,41963462
2328,廣宇,-,2.66,1644004,4.56,1614176,1687851,0.32,8089768,8116422
2355,敬鵬,去年五月因COVID-19 歐美封城，影響汔車產業的需求,0.43,1406327,59.06,887945,1412390,17.99,6015835,7098139
2367,燿華,-,-9.9,1027439,35.8,681631,925657,5.39,5089903,5364688
2368,金像電,-,4.42,2128600,3.61,2145345,2222799,7.36,9440533,10136280
2375,凱美,2021年1月底凱美公司因帛漢及旺詮股權轉換案，本年累計營收已排除帛漢並計入旺詮。,1.55,695096,96.46,359305,705923,87.82,1659835,3117564
2383,台光電,去年5月:黃石廠產能30萬張.各廠尚未全能生產及銷售。今年5月:黃石廠產能60萬張.各廠全能生產及銷售;售價調整及產品組合更佳。,9.11,2951523,58.77,2028377,3220597,39.46,10164388,14175832
2385,群光,-,5.2,8004716,2.81,8190663,8421571,18.1,35192306,41563334
2392,正崴,-,-10.31,6391299,-12.44,6546772,5732272,7.35,29805669,31997733
2402,毅嘉,主要是去年同期因新冠肺炎疫情以至於基期較低所影響,2.83,543979,85.43,301665,559379,46.29,1855789,2714964
2413,環科,-,-5.64,325289,15.12,266614,306940,26.85,1356814,1721182
2415,錩新,去年同期受新冠肺炎疫情影響，營收大幅減少。,-3.1,249181,223.27,74685,241440,48.37,753739,1118344
2420,新巨,-,1.68,247947,21.21,208000,252130,13.9,938957,1069477
2421,建準,-,-0.31,1122420,-11.28,1261181,1118856,10.72,4760886,5271556
2428,興勤,-,7.18,629181,29.2,521921,674374,44.11,2124449,3061700
2431,聯昌,-,-28.72,158564,-8.86,124007,113012,-13.56,872429,754117
2440,太空梭,主係2021年銅價較2020年同期上揚致本期營收增幅較大。,-0.6,410043,84.57,220803,407547,87.82,978251,1837442
2456,奇力新,2021年1月底奇力新公司因旺詮及帛漢股權轉換案，累計營收已排除旺詮並計入帛漢。,-3.68,1623774,6.17,1472979,1563911,13.25,6666964,7550404
2457,飛宏,-,-14.04,995845,4.51,819062,856025,38.92,3163184,4394359
2460,建通,係因2020年受新冠疫情之影響，營收大幅減少。,2.37,424145,51.7,286206,434203,65.97,1079234,1791211
2462,良得電,-,-6.55,449291,-9.0,461434,419862,22.98,1582427,1946103
2467,志聖,2020年初受疫情影響，出貨遞減，營收下滑，2020下半年客戶需求提升，致使近期營收較去年同期增加。,-26.93,609269,65.53,268926,445171,83.38,1329514,2438138
2472,立隆電,-,-0.66,815338,14.83,705231,809883,26.85,2956517,3750399
2476,鉅祥,-,-2.9,542646,44.57,364455,526903,34.16,1821883,2444298
2478,大毅,-,2.82,537860,11.31,496808,553028,30.16,2066908,2690379
2483,百容,-,-3.85,172975,9.32,152126,166315,14.88,707159,812391
2484,希華,-,0.43,273894,38.54,198567,275095,35.17,945858,1278597
2492,華新科,五月雲端､遊戲及居家辦公設備需求持續強勁，唯因時值長假期間工作天數減少影響，5月份全球合併淨營收為新台幣 39.7億。,0.63,3948602,37.94,2880415,3973519,53.51,11975622,18384712
2493,揚博,-,-4.55,215669,-1.13,208217,205855,12.87,1052610,1188128
3003,健和興,-,3.37,393374,41.85,286666,406648,44.61,1287275,1861573
3011,今皓,-,3.41,136785,14.89,123110,141452,12.23,518962,582464
3015,全漢,-,-4.73,1469714,9.98,1272962,1400075,33.97,5089250,6818360
3021,鴻名,-,-8.82,261969,4.0,229644,238846,33.8,981640,1313462
3023,信邦,-,0.51,2157280,22.16,1774854,2168308,28.56,8020205,10310886
3026,禾伸堂,-,8.73,1414997,25.72,1223797,1538624,29.78,5671485,7360475
3032,偉訓,-,7.13,701447,11.37,674741,751463,28.31,3077831,3949283
3037,欣興,-,2.02,7866654,8.71,7382381,8025993,6.96,35259057,37715825
3042,晶技,與去年同期比較營收增加，主要係因客戶需求出貨增加及子公司重慶眾陽置業有限公司認列開發案收入約NTD2.98億所致。,-9.99,1592403,69.95,843274,1433200,64.15,3859930,6336311
3044,健鼎,-,-7.99,5147940,10.71,4277653,4736185,24.0,20148634,24985178
3058,立德,-,1.93,391713,5.35,378988,399276,14.2,1580014,1804455
3090,日電貿,-,-9.56,994536,15.09,781491,899449,23.52,3779721,4669077
3092,鴻碩,-,-9.01,234424,-19.36,264529,213297,-2.49,1143947,1115423
3229,晟鈦,海外子公司之營收係以當年度平均匯率換算之,1.94,38066,-17.59,47097,38808,0.0,179788,179789
3296,勝德,去年第一季受疫情影響出貨減少，營收基期偏低。,-2.84,287965,11.75,250331,279763,59.06,754937,1200849
3308,聯德,-,20.55,28295,24.14,27478,34112,-0.85,127601,126511
3321,同泰,-,2.69,191963,21.49,162248,197128,25.93,725432,913581
3338,泰碩,-,-2.41,408089,-24.93,530480,398221,-9.24,2143951,1945792
3376,新日興,-,-17.62,1115878,-27.65,1270574,919225,0.69,5142480,5178053
3432,台端,客戶訂單增加,-2.63,4283,69.78,2456,4170,48.57,11672,17342
3501,維熹,-,-6.16,467263,16.28,377060,438464,31.04,1593739,2088547
3533,嘉澤,-,-14.43,1752452,-1.39,1520557,1499418,25.15,6376549,7980721
3550,聯穎,主係去年因新冠肺炎影響，今年疫情趨緩市場需求逐漸恢復正常所致。,2.09,435200,56.32,284241,444331,55.01,1290789,2000981
3593,力銘,-,0.84,54158,-3.13,56384,54615,27.45,217485,277195
3605,宏致,"本公司於110年4月新增子公司Genesis創世紀公司 ,本月合併營收金額含Genesis創世紀公司之營收金額",-3.47,946342,33.06,686475,913452,39.89,2975692,4162805
3607,谷崧,-,5.35,317223,41.7,235839,334198,40.23,1118583,1568684
3645,達邁,本月營收較去年同期增加，主係軟板市場需求增加，帶動本公司業績成長。,4.9,188632,62.24,121968,197892,41.89,693571,984145
3653,健策,-,6.41,684674,24.98,582934,728596,13.68,2873654,3266927
3679,新至陞,1~5月累計營收較去年同期增加，因客戶需求增加所致。,2.78,402258,26.87,325881,413468,63.3,1359409,2220017
4545,銘鈺,-,19.12,155939,9.87,169070,185761,15.99,688968,799199
4915,致伸,-,-15.83,6066898,-1.66,5192517,5106162,12.3,25228795,28332447
4989,榮科,主係銅價上漲，造成營收增加，故較去年同期增加。,18.38,349409,129.87,179946,413656,47.79,1168595,1727088
4999,鑫禾,-,-9.92,277885,-5.83,265828,250316,40.28,901967,1265296
5469,瀚宇博,無,2.36,4415883,17.13,3858839,4520163,29.94,16375314,21278842
6108,競國,-,2.1,778342,14.69,692900,794703,17.82,3206370,3777896
6115,鎰勝,-,-5.79,645127,14.9,528915,607770,35.9,2166606,2944625
6133,金橋,-,13.49,78408,-14.59,104197,88991,17.94,315543,372152
6141,柏承,資料係自行結算數,-3.93,343205,27.85,257861,329697,41.01,1126046,1587948
6153,嘉聯益,-,-20.8,1174552,-26.74,1269773,930165,12.38,5397792,6066493
6155,鈞寶,-,-3.54,67873,19.29,54879,65467,28.99,241963,312123
6191,精成科,-,1.5,2258426,26.6,1810681,2292371,35.39,8154725,11041336
6197,佳必琪,-,-13.79,325703,-2.38,287624,280766,15.49,1251508,1445427
6205,詮欣,-,2.18,138887,-3.61,147235,141918,11.63,552406,616655
6213,聯茂,-,-0.67,2689223,6.4,2510213,2670958,20.8,10557307,12753807
6224,聚鼎,認列子公司營業收入及客戶需求增加產能稼動力提升所致,34.89,212368,117.92,131452,286470,63.88,639558,1048120
6251,定穎,因去年同期新冠疫情蔓延至歐美，部分客戶停工，營收驟減；下半年開始產能陸續開出，客戶需求暢旺，產線維持滿載。,16.33,1223141,64.62,864377,1422999,28.37,4831579,6202456
6269,台郡,-,0.31,2391592,7.08,2240528,2399182,31.64,9055349,11921221
6282,康舒,-,3.19,1633322,7.66,1565616,1685568,-1.55,8306410,8177107
6412,群電,-,3.41,3162400,11.01,2945881,3270273,27.47,12876426,16414842
6449,鈺邦,-,4.42,232095,19.22,203285,242363,39.95,806773,1129145
6715,嘉基,主係客戶端之產品缺料狀況嚴重，導致大幅度減少對嘉基產品之進貨,-50.95,216759,-64.57,300151,106318,-6.26,945921,886639
8039,台虹,自結數尚未經會計師簽證，特此說明。,1.06,745170,24.77,603555,753076,25.59,2946566,3700721
8046,南電,-,-0.96,4139307,40.25,2922882,4099461,38.59,13777149,19094587
8103,瀚荃,係本公司自結合併營收,-2.11,331236,10.45,293544,324244,26.95,1214846,1542275
8213,志超,-,11.23,2084966,17.97,1965744,2319131,20.16,8776063,10545730
8249,菱光,-,12.87,375953,24.59,340591,424347,42.62,1218242,1737542
2347,聯強,本月營收係當月自結數，前期調整數反應在本年累計營收內,-0.8,31828300,31.33,24038877,31570759,29.46,115842510,149972000
2414,精技,-,17.04,1687495,10.87,1781318,1975052,11.13,8289739,9212828
2430,燦坤,-,34.24,1694800,40.88,1614895,2275140,21.64,7576248,9216174
3010,華立,-,-2.69,5588007,20.45,4513772,5437199,23.35,22137979,27308746
3028,增你強,主要客戶需求增加，出貨量增加，導致營收較去年同期大幅成長。,15.19,3217531,68.21,2203441,3706467,61.81,10747854,17392071
3033,威健,-,-3.07,6531297,41.6,4470599,6330755,36.72,20980158,28685198
3036,文曄,-,-7.63,35794148,43.22,23084468,33061931,29.63,128439537,166502457
3048,益登,-,-5.22,7970218,5.45,7163048,7553863,9.03,36756818,40078558
3055,蔚華科,累計營收:半導體859M、快銷品834M。本年累計快消品增加617M、半導體設備增加224M、驗證服務減少200M、二手設備減少14M。,17.44,281608,49.06,221875,330740,61.03,1051079,1692558
3209,全科,-,-16.7,4528328,20.29,3135749,3772043,21.79,16338000,19898390
3312,弘憶股,-,-7.48,1520228,38.47,1015619,1406392,36.48,5145263,7022395
3528,安馳,因疫情擴散，帶動遠距經濟蓬勃發展，致5G網通、自動化控制及雲端邊緣運算需求大增；另全球晶片缺貨嚴重，故下游客戶拉貨力道強勁,8.33,563122,52.81,399241,610081,34.31,2017020,2709227
3702,大聯大,-,-0.43,66372523,41.48,46709026,66085397,32.57,233507741,309571939
5434,崇越,-,-16.46,3755934,9.66,2861080,3137696,9.06,15061684,16426519
6189,豐藝,-,1.26,2702551,39.9,1956138,2736678,30.47,10180969,13283761
6281,全國電,-,37.41,1673879,14.01,2017416,2300211,9.17,7770069,8483241
6776,展�眥篕�,-,29.39,1248155,36.44,1183626,1614989,4.05,6658592,6928604
8070,長華*,-,-1.87,1594942,13.13,1383335,1564982,18.2,6560285,7754538
8072,陞泰,子公司半導體代理銷售增加,-9.76,121805,52.99,71842,109913,75.74,316589,556397
8112,至上,整體半導體零組件市況持續暢旺，原廠產能吃緊帶動價格漲，下游伺服器等客戶需求增加帶動，使本期營收成長。,4.05,16199282,69.78,9928037,16856004,62.84,51229216,83423461
2427,三商電,-,-11.89,272306,48.25,161818,239904,36.52,876017,1195964
2453,凌群,-,-24.23,453411,-18.81,423134,343518,4.14,1896732,1975352
2468,華經,-,-28.47,226481,3.0,157256,161987,7.7,857052,923067
2471,資通,-,-26.59,61894,-8.09,49435,45433,-1.29,283307,279642
2480,敦陽科,-,14.76,459133,28.6,409741,526939,13.07,2149463,2430413
3029,零壹,-,-7.85,919411,-8.36,924526,847155,11.43,4183742,4662055
3130,一零四,-,0.78,163406,23.83,132988,164684,16.42,657922,765990
4994,傳奇,-,3.46,235398,-17.28,294433,243547,-7.58,1322212,1221889
5203,訊連,-,-26.7,168132,-6.02,131135,123230,5.21,634626,667753
6112,聚碩,"Corex(PTY)LTD 110/1/4成為100%子公司，共同控制企業合併重編去年合併營收。本月較去年5月不含Corex減少346,445千元，減少29.02%",-2.26,867210,-33.15,1267883,847534,-21.31,5983304,4708079
6183,關貿,-,19.74,148008,35.94,130372,177228,32.45,651917,863525
6214,精誠,-,-9.7,2213247,20.44,1659224,1998491,23.55,9357862,11562525
2312,金寶,-,-16.48,11601677,1.25,9568329,9688771,25.42,44095211,55304279
2317,鴻海,-,-9.08,500490784,17.58,386980506,455034482,35.41,1697585769,2298853763
2354,鴻準,-,20.93,6833936,28.61,6425886,8264764,41.76,24845377,35222701
2359,所羅門,-,4.9,330294,15.08,301077,346509,19.63,1366092,1634376
2360,致茂,-,-5.4,1461163,5.7,1307654,1382221,21.9,5837910,7116662
2373,震旦行,-,-12.42,1204461,-2.14,1077884,1054769,19.31,4594633,5481989
2390,云辰,-,-38.16,72128,-2.24,45625,44599,13.81,224406,255400
2404,漢唐,-,-16.44,1926907,-35.24,2486524,1610107,-24.61,12377891,9331441
2423,固緯,-,-15.14,206478,18.1,148358,175212,11.78,862819,964532
2433,互盛電,-,-5.94,335134,-4.65,330591,315210,-0.29,1647486,1642601
2459,敦吉,-,1.49,593108,43.52,419422,601991,18.2,2293778,2711346
2461,光群雷,-,-7.83,538401,20.68,411162,496222,21.48,2072999,2518373
2464,盟立,-,-0.46,768132,10.52,691736,764535,9.96,3472110,3817979
2474,可成,無,-14.15,3803553,-55.57,7349564,3265197,-39.73,32684891,19697112
2477,美隆電,109年大陸廠因受COVID-19 影響產能大減,8.48,286328,52.13,204180,310626,34.16,984408,1320739
2482,連宇,-,-21.72,66909,-21.58,66795,52375,-18.52,392777,320031
2488,漢平,本月及本年累計營收較去年同期增加主要係因訂單量增加所致。,3.73,208052,58.35,136285,215815,115.72,430762,929263
2495,普安,-,9.35,95003,8.89,95399,103888,2.07,434873,443899
3018,同開,本公司採完工比例法認列收入，因本公司專案工程目前施工進度為高峰期，故成本有所增加，收入相對增加。,23.67,166449,42.61,144336,205849,26.5,636785,805552
3030,德律,-,-16.09,562339,-6.47,504503,471836,10.91,2147599,2381947
3043,科風,-,-9.62,87431,-30.27,113317,79015,-3.41,402508,388765
3305,昇貿,因出貨量成長及金屬價格上揚,24.3,533035,58.13,419009,662588,62.48,1790459,2909152
3518,柏騰,本年營收較去年同期增加主要係因為客戶需求增加所致。,-9.42,85842,13.89,68269,77754,53.36,231273,354687
3617,碩天,-,-12.71,765507,10.73,603405,668160,19.89,3089734,3704564
6139,亞翔,合併營收數字係自結本業合併營收，最終亞翔合併營收數字以會計師查核為準。,-2.46,1764865,35.54,1269986,1721341,45.29,5293928,7691898
6192,巨路,-,-30.6,597714,-18.2,507089,414780,5.46,2349604,2478118
6196,帆宣,-,6.19,2553798,49.79,1810475,2711949,27.53,9279534,11834328
6201,亞弘電,訂單增加,-5.24,294314,23.87,225132,278877,56.23,1027115,1604669
6215,和椿,-,0.27,165552,25.44,132338,166012,14.35,660848,755724
6283,淳安,本月營收大幅上升，主係因109年8月合併新取得子公司營收所致。,13.33,231841,110.15,125031,262762,179.77,419699,1174226
6409,旭隼,-,-3.1,1376331,3.02,1294329,1333536,20.61,5117630,6172449
6438,迅得,-,8.76,349823,27.73,297878,380486,41.11,1245263,1757219
6558,興能高,主要係去年基期較低,-11.08,162240,3.3,139636,144248,55.74,507919,791044
6698,旭暉應材,本月營收較去年同期增加，係新增銷售微波及半導體零件產品所致,0.6,60824,116.48,28268,61195,44.62,204942,296396
6743,安普新,受惠居家商機與遠距工作，耳機需求量增加，公司訂單亦隨之成長。,9.37,511318,41.41,395466,559265,152.7,880845,2225955
8021,尖點,-,1.2,298959,23.06,245857,302571,28.02,1078872,1381192
8201,無敵,-,38.14,48504,34.27,49904,67007,-17.36,400695,331127
2616,山隆,-,3.77,1538012,39.39,1145008,1596064,16.39,6429813,7483753
6505,台塑化,本月營收較去年同期增加50%以上，主係成品油及石化產品價格較去年同期上揚，致營業額增加。,13.68,46553948,106.05,25685582,52926645,23.95,185369787,229780259
8926,台汽電,-,-14.36,574267,-37.86,791496,491758,-24.4,4049081,3060787
9908,大台北,-,-12.74,281124,-12.01,278769,245281,-16.27,1725459,1444560
9918,欣天然,-,-17.04,169418,-15.84,167009,140543,-14.72,1067062,909917
9926,新海,-,-10.51,188442,-8.93,185176,168630,-10.48,1089111,974880
9931,欣高,-,-9.3,103600,-2.32,96200,93959,-9.63,594675,537363
9937,全國,-,-10.2,1769828,26.47,1256609,1589277,14.37,7343438,8399405
1316,上曜,-,22.5,110280,30.62,103425,135104,-7.12,498901,463338
1436,華友聯,本月及累計營收增加，係當月交屋數增加所致,40.51,387958,1658.92,30993,545143,200.39,450215,1352435
1438,三地開發,"110年累計銷售商品及土地422仟元,109年累計銷售商品及房地84,589仟元,故營收變化大。",-92.85,14,-85.71,7,1,-99.5,84589,422
1442,名軒,本月認收38戶，去年同期認收2戶；本年累計認收70戶，去年累計認收16戶，故兩期差異大。,519.46,56129,804.56,38438,347697,249.78,220110,769901
1453,大將,"本年營收較去年減少,係因去年出售待售房地金額較大所致",0.0,38,-99.85,25630,38,-65.06,46179,16134
1456,怡華,本月認列建設收入較去年本月增加所致,934.06,58290,1577.91,35923,602756,449.46,219274,1204840
1805,寶徠,本月營收較高主要係子公司認列收入，去年累計營收較高係認列康橋旭案收入較本期為高所致。,-92.63,46952,86300.0,4,3456,-52.39,121455,57824
1808,潤隆,營收變動主要係本期累計房地出售收入較去年同期增加所致。,-45.57,816258,-14.06,516945,444247,221.05,1428568,4586459
2501,國建,本月交屋入帳較少,-30.27,476802,-68.61,1059219,332451,59.34,2238561,3567066
2504,國產,-,-9.52,2039703,26.42,1459648,1845369,28.68,6976663,8978261
2505,國揚,"本年度營建收入3,851,822仟元，租賃收入7,566仟元。",-65.47,1482218,849.19,53918,511789,886.97,391033,3859388
2506,太設,因本年建案完工交屋,-62.95,141539,-1.73,53366,52439,344.67,280662,1248046
2509,全坤建,-,-36.17,94154,37.19,43800,60091,32.15,397561,525407
2511,太子,-,0.48,954929,31.3,730797,959566,25.4,4101467,5143288
2515,中工,-,-0.25,1331837,19.21,1114376,1328492,27.95,5082091,6503025
2516,新建,因多個工地進入發展及高峰期，故本期及累計營收較去年同期增加。,-5.74,728707,28.06,536337,686870,50.18,1965891,2952393
2520,冠德,-,-26.68,1369639,-46.53,1878295,1004173,-4.44,7634181,7294477
2524,京城,-,0.39,562885,-19.35,700739,565134,-21.18,3288851,2592252
2527,宏璟,"本月及本年累計營收較去年高,主要係因本月及本年房地銷售收入較高所致",-22.62,503674,173.38,142554,389718,168.98,967250,2601712
2528,皇普,"主係110年5月皇普文苑建案認列258,465仟元收入及認列租賃收入21仟元所致。",87.29,138013,1230785.71,21,258486,936289.52,105,983209
2530,華建,-,1.07,745,11.88,673,753,4.59,3545,3708
2534,宏盛,本月因有個案銷售認列收入，及租賃收入,49.77,168323,150.07,100807,252098,47.37,888645,1309614
2535,達欣工,-,38.15,1176113,-49.74,3233435,1624893,-6.59,6291845,5877104
2536,宏普,"今年本期只有租賃收入,因此營收較少",-43.99,25104,-96.09,359679,14059,-89.0,1929874,212116
2537,聯上發,本月營收為租金收入。,0.0,114,-99.97,449166,114,-99.74,1367043,3531
2538,基泰,本月其他營業收入較去年同期增加,45.19,15527,92.11,11735,22545,-3.74,122629,118034
2539,櫻花建,無異常。本月僅有租賃收入，無建案交屋入帳，致本期營收較去年同期減少。,-27.37,263,-98.42,12159,191,-88.15,1405905,166552
2540,愛山林,本年度營收增加，主係不動產代銷個案銷售成長及增加營造收入所致。,-34.1,428651,44.86,194964,282442,56.88,1221064,1915640
2542,興富發,本期較去年增加，主要係本期認列「光武段」、「柏克萊公園」及「永翠段」等建案完工並完成產權移轉所致。,-14.59,3850224,232.28,989585,3288228,77.5,8902479,15802091
2543,皇昌,-,-2.96,664031,21.4,530748,644338,24.3,2273230,2825760
2545,皇翔,因今年累計成屋銷售情形較去年同期佳所致,-64.61,1131071,80.97,221152,400227,73.63,1528119,2653278
2546,根基,-,-1.32,808580,-36.81,1262694,797871,-19.92,5309681,4251716
2547,日勝生,-,-26.85,430805,-25.87,425094,315109,-17.86,2249199,1847447
2548,華固,本公司截至5月底累計營收較去年同期減少，係因本期認列交屋金額較低所致。,-66.67,1110724,-77.23,1625654,370097,-50.06,5268821,2631104
2597,潤弘,主係業務正於大量施工階段，以致營收較去年同期增加。,-2.57,1897598,84.45,1002291,1848778,79.83,4656339,8373802
2841,台開,因本公司拓展外銷業務，故本月營收大幅成長。,-2.3,30361,55.73,19046,29661,8.57,128035,139013
3052,夆典,主係本期營建收入較去年減少,-13.92,311264,-56.33,613643,267917,-15.39,1655071,1400210
3056,總太,本年營收增加係因個案總太2020完工交屋所致。,20.44,7981,-33.24,14401,9613,123.37,1605211,3585620
3266,昇陽,因營建收入受政策、全部完工法及建案規模不同等影響，故營收波動較大。,-19.68,60980,-78.5,227861,48978,-56.6,724154,314268
3703,欣陸,-,-1.97,2003938,25.17,1569307,1964409,40.66,7337125,10321031
5515,建國,去年營收已排除停業單位營收,30.6,418566,6.09,515237,546657,-15.12,2542040,2157471
5519,隆大,本年累計增加主要係自建案J49案完工過戶認列房地銷售收入較多所致。,-86.77,1038694,-12.56,157084,137350,104.55,858680,1756464
5521,工信,無,22.04,235577,-18.38,352255,287505,-36.81,1661404,1049826
5522,遠雄,-,3.68,1609581,38.36,1206228,1668953,-18.2,8865125,7251568
5525,順天,本月份母公司主要營收為租賃收入,-29.31,64202,-45.91,83912,45381,-51.76,510857,246399
5531,鄉林,建設業之銷售進度及狀況深受景氣榮枯及市場現狀影響，且建築個案之完工時間並非固定時點，故月營收的表現上會有較大之波動。,80.88,180591,39.27,234548,326667,-19.12,839833,679183
5533,皇鼎,本月營收較去年同期減少達50%以上，係兩期個案營收組成因子不同。,-50.12,373020,-85.13,1251228,186049,-19.02,1556859,1260664
5534,長虹,本月較去年同期減少，係因「天際」個案減少完成產權移轉予客戶認列收入所致。,35.16,102563,-51.7,287037,138630,-70.63,3290433,966330
6177,達麗,本月較去年同期增加，主要差異係本月有新完工個案過戶交屋所致。,12305.43,13189,1520.41,100971,1636153,-1.48,1690696,1665654
9906,欣巴巴,-,0.0,12,-7.69,13,12,39.63,28983,40471
9946,三發地產,"本年累計營收較去年累計減少約51,732萬，係因去年有大量交屋認列營收。",-33.58,110783,-59.63,182266,73576,-61.02,847729,330408
2208,台船,-,91.2,1111284,-19.53,2640579,2124861,-22.13,9970939,7764301
2603,長榮,整體運價上漲，導致收入增加。,24.11,27749820,145.34,14038231,34442080,112.25,71681689,152144960
2605,新興,-,22.12,255934,-20.25,391940,312569,-27.06,1859127,1356006
2606,裕民,"110年度5月份波羅的海指數較去年同期增加506.34%,致營業收入增加。",-7.29,1137489,117.59,484641,1054535,59.21,2923509,4654539
2607,榮運,-,3.36,572772,3.4,572535,592045,-2.27,2929010,2862254
2608,嘉里大榮,-,13.73,990238,18.51,950354,1126267,6.49,4868853,5185127
2609,陽明,整體運價上漲，致營收增加。,10.77,21697633,136.55,10160559,24035492,94.71,55472419,108015580
2610,華航,-,-15.92,10873663,-9.44,10094848,9141861,-5.87,50790131,47807138
2611,志信,-,-6.58,63542,33.71,44394,59360,15.1,246039,283214
2612,中航,-,2.64,257405,5.9,249481,264202,0.54,1309890,1316996
2613,中櫃,-,3.12,255825,13.95,231514,263815,10.08,1124636,1238107
2615,萬海,運價上漲及貨量增加,1.68,14939036,188.62,5263365,15191500,140.14,28627030,68746880
2617,台航,-,4.93,265617,49.3,186692,278735,18.1,1015156,1198910
2618,長榮航,-,4.12,8062232,15.67,7257234,8394857,-16.69,43379911,36135899
2630,亞航,-,12.94,314414,-12.47,405751,355130,2.81,1525932,1568894
2633,台灣高鐵,受疫情影響，運量減少所致。,-49.93,3798528,-22.95,2468406,1901903,10.38,14102772,15567793
2634,漢翔,-,-5.07,1964748,25.94,1480799,1865039,0.43,8451516,8488227
2636,台驊投控,貨量與運價雙漲,29.1,2061018,82.03,1461760,2660891,102.38,5244712,10614703
2642,宅配通,-,20.36,321269,18.53,326242,386709,10.1,1595097,1756283
5607,遠雄港,-,0.0,187434,17.38,159672,187437,23.5,739679,913510
5608,四維航,因整體運價上漲，致營收增加。,28.67,342210,123.7,196838,440341,52.67,1035712,1581308
8367,建新國際,-,-5.05,172599,-1.56,166478,163873,3.07,801820,826457
2701,萬企,-,-38.03,27661,15.3,14864,17139,10.15,104568,115186
2702,華園,無,1.65,58697,84.2,32392,59667,-16.96,335593,278672
2704,國賓,-,-46.81,157530,-30.54,120627,83785,6.68,741136,790709
2705,六福,-,-60.34,124642,-34.35,75300,49428,18.17,426709,504258
2706,第一店,-,-11.93,23284,21.88,16824,20506,4.4,108500,113279
2707,晶華,-,-27.07,470775,-6.18,365932,343316,18.26,1996194,2360718
2712,遠雄來,-,-53.33,40586,-43.84,33731,18940,29.12,147753,190789
2722,夏都,-,-45.67,63313,-19.17,42556,34397,25.27,215565,270045
2727,王品,-,-10.65,1477296,-5.37,1394943,1319934,43.82,5218347,7505261
2731,雄獅,因新型冠狀病毒肺炎疫情影響團體旅遊,-44.03,235259,106.28,63821,131652,-80.01,4614513,922132
2739,寒舍,-,-52.86,242789,-26.77,156269,114427,19.75,984661,1179152
2748,雲品,-,-49.7,129175,-17.84,79080,64972,11.03,632399,702212
5706,鳳凰,因新型冠狀病毒肺炎疫請影響國外團體旅遊,5.14,9328,-7.64,10620,9808,-88.9,395462,43877
8462,柏文,-,-52.22,323840,-43.74,275007,154699,-1.43,1409948,1389757
8940,新天地,-,-47.9,67212,29.69,26999,35016,-1.52,388821,382885
9943,好樂迪,全省門市配合防疫政策暫停營業,-58.91,227148,-57.59,220041,93315,-5.84,1108624,1043790
2801,彰銀,-,8.72,2120784,0.7,2289751,2305875,-7.46,12235329,11321613
2809,京城銀,主係上期因受新冠肺炎疫情影響，以致金融資產處分損益及減損損失分別較本期減少及增加。,-2.05,906968,43.82,617623,888297,62.52,2788264,4531641
2812,台中銀,-,-18.77,1171528,11.05,856844,951593,19.75,4499394,5388221
2816,旺旺保,-,-41.13,890448,-24.48,694092,524151,15.7,3154163,3649591
2820,華票,-,-14.16,251972,5.44,205111,216282,30.39,966256,1259912
2823,中壽,-,16.94,21246449,26.54,19635241,24847150,12.01,111429469,124817956
2832,台產,-,2.19,590966,37.85,438100,603948,35.68,2165431,2938164
2834,臺企銀,-,7.64,1864444,22.18,1642508,2006889,7.14,8875729,9509685
2836,高雄銀,-,-6.74,328407,6.92,286424,306256,12.25,1563824,1755428
2838,聯邦銀,-,-43.64,1651177,-20.78,1174691,930479,17.77,5484617,6459575
2845,遠東銀,-,-4.15,915129,-20.49,1103194,877098,-0.27,4627848,4615257
2849,安泰銀,-,2.7,515700,1.67,520879,529628,-3.05,2498219,2421827
2850,新產,-,-0.68,1510781,7.53,1395354,1500469,18.1,6341884,7489877
2851,中再保,-,7.13,1562946,6.94,1565681,1674432,18.65,7303102,8665264
2852,第一保,-,-20.35,574636,-7.1,492656,457653,16.68,2216112,2585857
2855,統一證,本月營收較上月減少，主要為交易部位操作獲利減少所致，本年累計則為增加。,-86.19,2244945,-36.83,490644,309920,179.89,1885951,5278677
2867,三商壽,-,-17.74,10681651,-46.39,16390960,8786518,2.77,61959480,63679119
2880,華南金,去年營業收入大幅下降，主要係因認列子公司華南永昌證券權證大額損失，而本年無所致。,-8.59,4243157,11.6,3475373,3878645,54.37,13296721,20526920
2881,富邦金,-,-14.44,43051005,0.81,36536192,36832681,10.58,204871432,226563761
2882,國泰金,-,-35.63,59118746,-27.2,52273956,38051539,5.0,272878840,286535128
2883,開發金,-,-9.32,13750281,21.74,10240777,12467455,4.95,75786244,79544245
2884,玉山金,-,-9.54,5041653,-10.12,5074401,4560660,-2.95,24004655,23294159
2885,元大金,-,-18.26,11557232,9.21,8649241,9446565,34.03,41477100,55594524
2886,兆豐金,-,-44.34,5860327,-47.7,6237578,3261812,-1.42,24055400,23711710
2887,台新金,-,-19.18,4090025,-11.28,3726091,3305515,9.96,17670691,19430989
2888,新光金,-,-38.96,17289410,-48.34,20431463,10552854,-22.46,109425837,84844401
2889,國票金,-,-48.51,867174,-36.59,704112,446455,42.95,2949496,4216404
2890,永豐金,-,-4.61,3581133,4.01,3284046,3415773,21.78,15403263,18758990
2891,中信金,-,-8.19,12323459,-19.81,14109423,11313211,-25.56,95687764,71224908
2892,第一金,-,-11.86,5456973,4.01,4624081,4809664,10.9,23631675,26209684
2897,王道銀行,-,-30.76,929120,-6.1,685044,643247,19.97,3231973,3877591
5876,上海商銀,-,-1.56,2951440,-2.39,2976473,2905287,0.78,15896825,16020927
5880,合庫金,-,-6.73,4612615,10.31,3899595,4301933,11.86,19545569,21864630
6005,群益證,自營本月產生虧損所致,-20.52,1130686,1.97,881204,898584,120.73,2357764,5204305
6024,群益期,-,17.55,201041,36.78,172774,236325,7.58,1004135,1080344
1432,大魯閣,因新型冠狀病毒肺炎疫情影響,-43.37,76668,-50.98,88560,43410,-27.11,484637,353204
2601,益航,-,23.69,503140,15.88,537054,622347,34.89,2161957,2916463
2901,欣欣,-,-39.0,8650,-35.59,8192,5276,-11.5,44470,39355
2903,遠百,-,-15.5,2944976,-13.76,2885651,2488382,4.98,14073973,14775579
2905,三商,-,-28.91,21778298,-23.52,20243163,15480265,8.42,83598033,90641930
2906,高林,-,-16.08,693497,11.16,523542,581979,22.71,2558904,3140080
2908,特力,-,-9.57,3461563,-14.25,3650726,3130135,12.88,16094808,18168294
2910,統領,-,-12.11,35169,-14.31,36075,30910,41.28,191486,270547
2911,麗嬰房,無,-13.22,296764,-22.55,332536,257519,-0.17,1533919,1531278
2912,統一超,-,4.21,21189179,5.79,20873614,22082804,5.31,102862172,108325186
2913,農林,-,-10.2,34433,25.55,24625,30918,38.37,113253,156709
2915,潤泰全,-,-2.56,241407,9.55,214715,235223,3.72,1078931,1119116
8443,阿瘦,受新冠肺炎疫情影響,-37.47,98941,-53.0,131618,61858,-9.62,519433,469448
8454,富邦媒,-,40.07,5803340,46.67,5542155,8128766,26.77,25472816,32293324
1342,八貫,-,-1.76,139188,18.65,115231,136733,20.94,593258,717502
1416,廣豐,來自轉投資公司營業收入增加,6.54,21528,62.51,14114,22937,12.48,97449,109612
1435,中福,-,-8.21,1290,-9.48,1308,1184,-5.42,6287,5946
1437,勤益控,-,16.13,44945,18.64,43993,52195,6.08,259959,275789
1443,立益,-,0.51,54808,35.06,40786,55089,18.32,227043,268658
1516,川飛,本月營收較去年同月營收增加130.83%係因煤礦價格上漲及客戶採購量增加所致,-41.86,191365,130.82,48195,111248,32.27,387128,512058
2062,橋椿,110年5月營收較去年同期增加，及本年累計營收較去年累計營收增加，主係客戶需求增加所致。,-0.55,763375,62.71,466532,759126,56.8,2249870,3527995
2348,海悅,本月及本年度增減百分比達50％以上，係因個案銷售狀況良好,-22.57,423915,53.94,213212,328232,114.88,924735,1987153
2358,廷鑫,-,-15.94,162805,19.23,114760,136839,17.9,576436,679628
2443,億麗,因公司業務整理中，故營業收入因而產生差異。,8.89,10780,-61.34,30368,11739,-20.06,220024,175880
2496,卓越,"去年本月營收扣除已出售部門為新台幣55,044仟元，減少4.05%；去年累計營收扣除已出售部門為新台幣263,537仟元，成長0.32%。",-4.33,55209,-30.26,75738,52813,-24.1,348317,264370
2514,龍邦,-,47.23,670879,-6.61,1057731,987739,14.09,3497144,3989976
2614,東森,-,1.67,450475,34.84,339665,458030,22.29,1759723,2151982
2904,匯僑,-,-6.53,44725,-12.37,47706,41801,1.86,216087,220115
3040,遠見,-,12.57,12623,18.35,12006,14210,20.92,58118,70277
3557,嘉威,-,-9.67,394124,18.7,299874,355979,7.2,2074949,2224346
4536,拓凱,-,-12.12,661870,-1.4,589909,581625,26.37,2574512,3253453
6165,浪凡,本公司100%持有旭瑞文化傳媒股份有限公司，合併基準日為109/08/17，合併後營收大幅提高。,9.87,198881,251067.81,87,218516,144747.08,686,993651
6184,大豐電,-,0.36,163196,-1.39,166119,163797,-0.78,827501,821002
6464,台數科,-,-5.27,350368,-19.94,414577,331897,-3.44,1845283,1781729
6504,南六,-,2.22,592022,-32.3,893933,605182,-7.49,3253185,3009292
6581,鋼聯,國際鋅價上漲且今年5月出貨數量較去年5月增加。,7.34,161109,102.7,85316,172944,23.89,516249,639619
6592,和潤企業,-,4.51,1421765,31.33,1131379,1485892,22.25,5747852,7027296
6625,必應,主要係因本年累積參與製作之演製活動等較去年累積增加所致,-54.32,56769,41.17,18366,25929,93.17,155180,299772
6655,科定,-,-15.1,200642,-1.44,172831,170333,25.9,642723,809204
6670,復盛應用,1.客戶訂單因應市場需求有顯著增加。2.併購民盛公司增加冰上曲棍球鞋、摩托車車靴等產品營收。,3.88,1948100,138.3,849233,2023755,83.19,5348592,9798417
6754,匯僑設計,-,0.07,330073,30.01,254082,330335,11.04,1273458,1414110
8033,雷虎,"因美國疫情影響降低,醫療器材及遙控模型市場需求強勁",-16.12,117318,58.29,62158,98396,49.21,342286,510728
8341,日友,-,1.62,268198,18.65,229706,272549,21.21,1099455,1332759
8422,可寧衛,-,-16.34,232095,-14.11,226073,194161,15.19,1079260,1243226
8463,潤泰材,-,4.36,345206,49.98,240214,360281,37.69,1135551,1563640
8464,億豐,-,10.87,2374013,25.98,2089434,2632279,39.64,8444111,11791715
8473,山林水,-,29.53,262996,-29.45,482946,340680,-5.83,1891945,1781602
8478,東哥遊艇,主係認列遊艇銷貨收入增加所致,-20.17,374656,17.86,253753,299083,27.71,1062998,1357651
8481,政伸,(一)延續2020年下半年起自行車與運動市場需求激增現象。(二)越南廠建廠後營收逐步顯現。,3.28,127366,61.06,81671,131544,48.46,434189,644624
9902,台火,本月營收較去年同期增加主要係因本月有銷售投標車輛之營收所致,668.32,14413,627.15,15229,110739,24.82,148934,185904
9904,寶成,-,-7.29,22276195,0.33,20583389,20652139,12.33,101323657,113821224
9905,大華,-,7.09,772482,22.94,672915,827316,24.81,2758357,3442917
9907,統一實,-,9.3,3282261,44.39,2484522,3587546,33.9,11226480,15033091
9910,豐泰,合併營收為本公司自結數,-10.9,6773686,13.03,5338803,6034863,12.64,28537921,32145370
9911,櫻花,-,4.87,571511,28.52,466323,599347,24.32,2487132,3092212
9914,美利達,-,-2.31,2408701,-8.87,2582108,2352838,28.7,9934264,12785526
9917,中保科,-,-1.07,1174566,2.92,1128980,1161974,5.85,5548660,5873459
9919,康那香,-,69.44,268031,4.52,434499,454159,-13.8,2041443,1759636
9921,巨大,-,4.06,6911440,1.51,7085102,7192118,36.44,25437757,34708458
9924,福興,-,6.66,865750,24.34,742651,923458,21.87,3249076,3959855
9925,新保,-,-2.64,602931,-2.72,603437,586994,5.56,2956815,3121430
9927,泰銘,-,5.71,751001,29.32,613863,793893,2.39,3500957,3584749
9928,中視,-,-6.65,63863,-6.15,63517,59610,5.87,296611,314049
9929,秋雨,-,-7.09,47439,-5.93,46853,44073,-31.31,352544,242157
9930,中聯資源,-,2.29,903766,9.99,840498,924494,6.85,4136971,4420393
9933,中鼎,-,30.15,4298685,28.99,4337384,5595081,16.18,21104486,24519323
9934,成霖,-,-16.9,1802372,33.08,1125400,1497688,41.35,5856627,8278623
9935,慶豐富,-,-23.25,445818,-30.66,493420,342132,13.88,1740095,1981625
9938,百和,109年因受疫情影響，需求受影響，致本公司營收減少。伴隨許多國家疫情穩定，訂單回升及部份營建工案認列之收入增加所致。,-48.76,3096417,92.76,822994,1586447,40.27,6669235,9355235
9939,宏全,-,8.22,1867767,12.76,1792454,2021324,13.65,7931582,9014435
9940,信義,本年累計營收同比增加51.16%，主要係因上海建案於本年度累計交屋數增加所致。,-34.67,1612238,-5.02,1108804,1053128,51.16,4158811,6286609
9941,裕融,-,-0.25,2669688,9.49,2432034,2662838,5.42,12293795,12960243
9942,茂順,-,-1.57,329581,33.45,243070,324384,40.99,1081586,1524937
9944,新麗,-,-1.24,267649,36.13,194170,264328,19.67,1020958,1221805
9945,潤泰新,-,16.89,2042077,48.08,1611979,2387135,47.55,6562191,9683163
9955,佳龍,-,16.66,113275,10.16,119963,132154,14.26,616985,704984
全部國內上市公司合計,全部國內上市公司合計,,-2.92,2988551970,17.12,2476901256,2901025472,23.16,11672743616,14376248006
